[{"model": "projekt47.projekt47user", "pk": 1, "fields": {"telebot_user": 185156335, "active_char": 116}}, {"model": "projekt47.projekt47user", "pk": 2, "fields": {"telebot_user": 129116350, "active_char": 120}}, {"model": "projekt47.projekt47user", "pk": 3, "fields": {"telebot_user": 287152522, "active_char": null}}, {"model": "projekt47.projekt47user", "pk": 4, "fields": {"telebot_user": 156031190, "active_char": null}}, {"model": "projekt47.projekt47user", "pk": 5, "fields": {"telebot_user": 126686541, "active_char": 87}}, {"model": "projekt47.addon", "pk": 1, "fields": {"name": "Basis", "text": "Aktionen und Werte die zum Grundspiel geh\u00f6ren.", "skill_points": 3, "owner": null}}, {"model": "projekt47.addon", "pk": 2, "fields": {"name": "Winterspass", "text": "Im Addon Winterspa\u00df befinden sich Zauber und Werte rund um Schnee und K\u00e4lte. Es ist spielerisch und fr\u00f6hlich angelegt und kann zB f\u00fcr schneeballschlachten verwendet werden.", "skill_points": 3, "owner": null}}, {"model": "projekt47.addon", "pk": 3, "fields": {"name": "Weltraum", "text": "Reisen zwischen Sternen, Raumschiffe, Raumanz\u00fcge und anderer SciFi Astronautenkram.", "skill_points": 3, "owner": null}}, {"model": "projekt47.addon", "pk": 4, "fields": {"name": "Medival", "text": "Mittelalterliches Survivalspiel. Enthaelt Waffen, Ressourcen und Aktionen die in mittelalterlichen Abenteuern von Noeten sein koennten.", "skill_points": 10, "owner": 1}}, {"model": "projekt47.addon", "pk": 5, "fields": {"name": "Fantastia", "text": "Magie wie sie im Buche steht. Mana, Magieresistenz und eine Reihe h\u00e4ufiger Zauber wie Feuerb\u00e4lle, Gedankensicht, Untote beschw\u00f6ren, Schild- und Heilzauber etc. Au\u00dferdem Artefakte, die Mana oder bonuseffekte bereitstellen.", "skill_points": 10, "owner": 1}}, {"model": "projekt47.addon", "pk": 6, "fields": {"name": "Steam Punk", "text": "Eine postapokalyptische Welt mit fortgeschrittener Technologie, ausgeduennter Menscheit und zusammengebrochenen Gesselschaftssystemen.", "skill_points": 20, "owner": 1}}, {"model": "projekt47.adventure", "pk": 4, "fields": {"name": "Das rot-blau gestreifte Auge", "addon": 1, "parent": null, "duration": null, "player_min": null, "player_max": null, "preview": null, "text": "DSA light ist \u00e4hnlich"}}, {"model": "projekt47.stat", "pk": 1, "fields": {"abbr": "Kr", "name": "Kraft", "text": "Kraft erm\u00f6glicht dem Held schwere k\u00f6rperliche Herausforderungen zu meistern und kann im offenen Kampf hilfreich sein.", "ressource": false, "addon": 1, "emoji": "?"}}, {"model": "projekt47.stat", "pk": 2, "fields": {"abbr": "In", "name": "Intelligenz", "text": "Intelligente Charaktere wissen mehr und koennen schneller und genauere Schluesse ziehen. Dies kann in verschiedenen Situationen hilfreich sein.", "ressource": false, "addon": 1, "emoji": "?"}}, {"model": "projekt47.stat", "pk": 3, "fields": {"abbr": "Ge", "name": "Geschick", "text": "", "ressource": false, "addon": 1, "emoji": "??"}}, {"model": "projekt47.stat", "pk": 4, "fields": {"abbr": "Gk", "name": "Geschwindigkeit", "text": "", "ressource": false, "addon": 1, "emoji": "?\u200d\u2640\ufe0f"}}, {"model": "projekt47.stat", "pk": 5, "fields": {"abbr": "W\u00e4", "name": "W\u00e4rme", "text": "Im Schnee oder Eis kann einem schnell kalt werden. Durch bestimmte interaktionen verliert man W\u00e4rme, ache darauf deine Temperatur weit genug oben zu halten.", "ressource": false, "addon": 2, "emoji": "?"}}, {"model": "projekt47.stat", "pk": 6, "fields": {"abbr": "Wi", "name": "Willenskraft", "text": "", "ressource": false, "addon": 5, "emoji": "\u270a"}}, {"model": "projekt47.stat", "pk": 7, "fields": {"abbr": "Ma", "name": "Mana", "text": "Mana ist eine Ressource die in magische oder uebernatuerliche Aktionen investiert werden kann.", "ressource": false, "addon": 5, "emoji": "?"}}, {"model": "projekt47.stat", "pk": 8, "fields": {"abbr": "Lp", "name": "Lebenspunkte", "text": "Die Lebenskraft, sagt aus wie stark der Wunsch zu Leben ausgepraegt ist. Dies kann dem Charakter dabei helfen bestimmten Manipulationen zu wiederstehen, oder Schmerzen und andere Benachteiligungen zu kompensieren.", "ressource": false, "addon": 1, "emoji": "\u2764\ufe0f"}}, {"model": "projekt47.stat", "pk": 9, "fields": {"abbr": "Gl", "name": "Glaube", "text": "Die Froemmigkeit eines Charakters, kann dazufuehren, dass Gott ihm gnaedig ist. In religioesen Dingen, kann dies Hilfreich sein. Aber es kann auch frommes Handeln erfordern, wenn eine Probe bestanden wird.", "ressource": false, "addon": 4, "emoji": null}}, {"model": "projekt47.stat", "pk": 10, "fields": {"abbr": "Kr", "name": "Kraft", "text": "Koerperliche Kraft ist nicht nur zum Kaempfen sondern auch fuer schwere Arbeiten und etliche alltaegliche Aufgaben nuetzlich.", "ressource": false, "addon": 4, "emoji": null}}, {"model": "projekt47.stat", "pk": 11, "fields": {"abbr": "Lp", "name": "Lebenspunkte", "text": "Sind diese Aufgebraucht stirbt der Charakter.", "ressource": true, "addon": 4, "emoji": null}}, {"model": "projekt47.stat", "pk": 12, "fields": {"abbr": "Ge", "name": "Geschick", "text": "Es ist nicht immer nur Kraft entscheidend, viele Aufgaben erfordern schnelles oder praezieses Handeln. Auch wenn Feingefuehl gefragt ist, kann Geschick hilfreich sein. Sogar im Kampf koennen manche Waffen (zB Degen, Bogen) mit Geschick gemeistert werden.", "ressource": false, "addon": 4, "emoji": null}}, {"model": "projekt47.stat", "pk": 13, "fields": {"abbr": "In", "name": "Intelligenz", "text": "Man weiss nicht immer alles, aber je hoeher die Intelligenz eines Charakters, desto groesser die Chance, dass sich ihm durch Nachdenken Informationen offenbaren. Auch in Diskussionen oder beim Lesen/Schreiben ist es hilfreich nicht dumm zu sein.", "ressource": false, "addon": 4, "emoji": null}}, {"model": "projekt47.stat", "pk": 14, "fields": {"abbr": "Au", "name": "Ausdauer", "text": "Nicht alles bringt einen direkt um. Anstrengungen kosten Ausdauer, wer keine mehr hat, bleibt erschoepft liegen.", "ressource": true, "addon": 4, "emoji": null}}, {"model": "projekt47.stat", "pk": 15, "fields": {"abbr": "Ch", "name": "Charisma", "text": "Wie man bei anderen ankommt.. Viele gesellschaftliche Aufgaben erfuellen sich leichter wenn man charismatisch ist.", "ressource": false, "addon": 4, "emoji": null}}, {"model": "projekt47.stat", "pk": 16, "fields": {"abbr": "In", "name": "Intelligenz", "text": "Besser man ist schlauer", "ressource": false, "addon": 6, "emoji": null}}, {"model": "projekt47.stat", "pk": 17, "fields": {"abbr": "Ge", "name": "Gedaechnis", "text": "Besser man merkt sich alles", "ressource": false, "addon": 6, "emoji": null}}, {"model": "projekt47.stat", "pk": 18, "fields": {"abbr": "Wi", "name": "Wissen", "text": "Besser man weiss mehr", "ressource": false, "addon": 6, "emoji": null}}, {"model": "projekt47.action", "pk": 15, "fields": {"name": "Illusion Erwecken", "addon": 5, "formula": null, "answer": null, "special": false, "stats": [2, 6]}}, {"model": "projekt47.action", "pk": 16, "fields": {"name": "Bogenschiessen", "addon": 4, "formula": null, "answer": null, "special": true, "stats": [12, 13]}}, {"model": "projekt47.action", "pk": 17, "fields": {"name": "Angreifen", "addon": 4, "formula": null, "answer": null, "special": false, "stats": [10, 12]}}, {"model": "projekt47.action", "pk": 18, "fields": {"name": "Diskutieren", "addon": 4, "formula": null, "answer": null, "special": false, "stats": [13, 15]}}, {"model": "projekt47.action", "pk": 19, "fields": {"name": "Akkrobatik", "addon": 4, "formula": null, "answer": null, "special": true, "stats": [10, 12]}}, {"model": "projekt47.action", "pk": 20, "fields": {"name": "Lesen/Schreiben", "addon": 4, "formula": null, "answer": null, "special": true, "stats": [13]}}, {"model": "projekt47.action", "pk": 21, "fields": {"name": "Kochen", "addon": 4, "formula": null, "answer": null, "special": false, "stats": [12, 13]}}, {"model": "projekt47.action", "pk": 22, "fields": {"name": "Hacken", "addon": 6, "formula": null, "answer": null, "special": false, "stats": [16, 17, 18]}}, {"model": "projekt47.character", "pk": 64, "fields": {"owner": 1, "name": "Hans", "addon": 1, "skill_points": 0, "finished": false, "text": null, "actions": []}}, {"model": "projekt47.character", "pk": 67, "fields": {"owner": 1, "name": "Jens", "addon": 1, "skill_points": 8, "finished": false, "text": null, "actions": []}}, {"model": "projekt47.character", "pk": 83, "fields": {"owner": 2, "name": "peter", "addon": 1, "skill_points": 3, "finished": false, "text": null, "actions": []}}, {"model": "projekt47.character", "pk": 84, "fields": {"owner": 2, "name": "Tff", "addon": 4, "skill_points": 2, "finished": true, "text": null, "actions": [16, 19, 20]}}, {"model": "projekt47.character", "pk": 85, "fields": {"owner": 1, "name": "Lukas", "addon": 4, "skill_points": 7, "finished": true, "text": null, "actions": [16, 19, 20]}}, {"model": "projekt47.character", "pk": 86, "fields": {"owner": 1, "name": "Luke", "addon": 6, "skill_points": 10, "finished": true, "text": null, "actions": []}}, {"model": "projekt47.character", "pk": 87, "fields": {"owner": 5, "name": "Hannes Kannes", "addon": 6, "skill_points": 10, "finished": true, "text": null, "actions": []}}, {"model": "projekt47.character", "pk": 88, "fields": {"owner": 2, "name": "Tom", "addon": 6, "skill_points": 17, "finished": true, "text": null, "actions": []}}, {"model": "projekt47.character", "pk": 89, "fields": {"owner": 2, "name": "Hendrik", "addon": 3, "skill_points": 3, "finished": false, "text": null, "actions": []}}, {"model": "projekt47.character", "pk": 90, "fields": {"owner": 2, "name": "Hendrik", "addon": 4, "skill_points": 8, "finished": true, "text": null, "actions": []}}, {"model": "projekt47.character", "pk": 91, "fields": {"owner": 1, "name": "peter", "addon": 4, "skill_points": 5, "finished": true, "text": null, "actions": [19]}}, {"model": "projekt47.character", "pk": 92, "fields": {"owner": 1, "name": "peter", "addon": 2, "skill_points": 3, "finished": false, "text": null, "actions": []}}, {"model": "projekt47.character", "pk": 93, "fields": {"owner": 1, "name": "peter", "addon": 1, "skill_points": 3, "finished": false, "text": null, "actions": []}}, {"model": "projekt47.character", "pk": 94, "fields": {"owner": 1, "name": "Sirius", "addon": 5, "skill_points": 10, "finished": false, "text": null, "actions": []}}, {"model": "projekt47.character", "pk": 95, "fields": {"owner": 1, "name": "NEU", "addon": null, "skill_points": 0, "finished": false, "text": null, "actions": []}}, {"model": "projekt47.character", "pk": 96, "fields": {"owner": 1, "name": "Astronaut", "addon": 3, "skill_points": 3, "finished": false, "text": null, "actions": []}}, {"model": "projekt47.character", "pk": 97, "fields": {"owner": 1, "name": "Dieter", "addon": 4, "skill_points": 10, "finished": false, "text": null, "actions": []}}, {"model": "projekt47.character", "pk": 98, "fields": {"owner": 1, "name": "Medi", "addon": 4, "skill_points": 10, "finished": false, "text": null, "actions": []}}, {"model": "projekt47.character", "pk": 99, "fields": {"owner": 1, "name": "Jens", "addon": 4, "skill_points": 8, "finished": true, "text": null, "actions": [16, 19]}}, {"model": "projekt47.character", "pk": 100, "fields": {"owner": 1, "name": "Luki", "addon": 4, "skill_points": 10, "finished": false, "text": null, "actions": []}}, {"model": "projekt47.character", "pk": 101, "fields": {"owner": 1, "name": "Heidi", "addon": 4, "skill_points": 10, "finished": false, "text": null, "actions": []}}, {"model": "projekt47.character", "pk": 102, "fields": {"owner": 1, "name": "Simon", "addon": 4, "skill_points": 10, "finished": false, "text": null, "actions": []}}, {"model": "projekt47.character", "pk": 103, "fields": {"owner": 1, "name": "Fren", "addon": 4, "skill_points": 10, "finished": false, "text": null, "actions": []}}, {"model": "projekt47.character", "pk": 104, "fields": {"owner": 1, "name": "Titus", "addon": 4, "skill_points": 10, "finished": false, "text": null, "actions": []}}, {"model": "projekt47.character", "pk": 105, "fields": {"owner": 1, "name": "Tit", "addon": 4, "skill_points": 10, "finished": false, "text": null, "actions": []}}, {"model": "projekt47.character", "pk": 106, "fields": {"owner": 1, "name": "Hansi", "addon": 4, "skill_points": 7, "finished": false, "text": null, "actions": []}}, {"model": "projekt47.character", "pk": 107, "fields": {"owner": 1, "name": "Jitu", "addon": 4, "skill_points": 0, "finished": true, "text": null, "actions": []}}, {"model": "projekt47.character", "pk": 108, "fields": {"owner": 1, "name": "NEU", "addon": 4, "skill_points": 10, "finished": false, "text": null, "actions": []}}, {"model": "projekt47.character", "pk": 109, "fields": {"owner": 1, "name": "NEU", "addon": 4, "skill_points": 10, "finished": false, "text": null, "actions": []}}, {"model": "projekt47.character", "pk": 110, "fields": {"owner": 1, "name": "Klaudia Kuhkopf", "addon": 4, "skill_points": 5, "finished": true, "text": null, "actions": [16, 19]}}, {"model": "projekt47.character", "pk": 111, "fields": {"owner": 1, "name": "NEU", "addon": 2, "skill_points": 12, "finished": false, "text": null, "actions": []}}, {"model": "projekt47.character", "pk": 112, "fields": {"owner": 1, "name": "Thalia Pastorentocher", "addon": 4, "skill_points": 6, "finished": true, "text": null, "actions": [16, 19]}}, {"model": "projekt47.character", "pk": 113, "fields": {"owner": 1, "name": "Olaf der Feine", "addon": 4, "skill_points": 8, "finished": true, "text": null, "actions": [16, 20]}}, {"model": "projekt47.character", "pk": 114, "fields": {"owner": 1, "name": "Erna Breitmaul", "addon": 4, "skill_points": 7, "finished": true, "text": null, "actions": [16]}}, {"model": "projekt47.character", "pk": 115, "fields": {"owner": 1, "name": "Pia Riesenbizeps", "addon": 4, "skill_points": 9, "finished": true, "text": null, "actions": [19]}}, {"model": "projekt47.character", "pk": 116, "fields": {"owner": 1, "name": "Peter Pustelpo", "addon": 4, "skill_points": 21, "finished": true, "text": "Peter wuchs in Armut auf. sein Vater NEU, war einer von vielen und hatte keine besonderen Talente. Seine Mutter peter, war ungeschickt, schwach und dumm, aber sie konnte zumindest Schneebaelle werfen und Schlitten fahren.", "actions": [16, 19]}}, {"model": "projekt47.character", "pk": 117, "fields": {"owner": 2, "name": "Karl Kraftprotz", "addon": 4, "skill_points": 1, "finished": true, "text": null, "actions": [16, 20]}}, {"model": "projekt47.character", "pk": 118, "fields": {"owner": 2, "name": "NEU", "addon": 4, "skill_points": 10, "finished": false, "text": null, "actions": []}}, {"model": "projekt47.character", "pk": 119, "fields": {"owner": 2, "name": "Olaf der Feine", "addon": 4, "skill_points": 0, "finished": true, "text": null, "actions": []}}, {"model": "projekt47.character", "pk": 120, "fields": {"owner": 2, "name": "Otto Oberschlau", "addon": 4, "skill_points": -3, "finished": true, "text": null, "actions": []}}, {"model": "projekt47.defaultname", "pk": 1, "fields": {"name": "Enno der Hungrige", "addon": 4}}, {"model": "projekt47.defaultname", "pk": 2, "fields": {"name": "Hermann Torfsohn", "addon": 4}}, {"model": "projekt47.defaultname", "pk": 3, "fields": {"name": "Susi die Lustige", "addon": 4}}, {"model": "projekt47.defaultname", "pk": 4, "fields": {"name": "Ekelbert", "addon": 4}}, {"model": "projekt47.defaultname", "pk": 5, "fields": {"name": "Rudi Schnupfnase", "addon": 4}}, {"model": "projekt47.defaultname", "pk": 6, "fields": {"name": "Erna Breitmaul", "addon": 4}}, {"model": "projekt47.defaultname", "pk": 7, "fields": {"name": "Peter Pustelpo", "addon": 4}}, {"model": "projekt47.defaultname", "pk": 8, "fields": {"name": "Die Tapfere Traudl", "addon": 4}}, {"model": "projekt47.defaultname", "pk": 9, "fields": {"name": "Johannes von R\u00f6h", "addon": 4}}, {"model": "projekt47.defaultname", "pk": 10, "fields": {"name": "Lukas der Blonde", "addon": 4}}, {"model": "projekt47.defaultname", "pk": 11, "fields": {"name": "Erik Stinkhaxe", "addon": 4}}, {"model": "projekt47.defaultname", "pk": 12, "fields": {"name": "Klaudia Kuhkopf", "addon": 4}}, {"model": "projekt47.defaultname", "pk": 13, "fields": {"name": "Hansi H\u00e4sslon", "addon": 4}}, {"model": "projekt47.defaultname", "pk": 14, "fields": {"name": "Peer der M\u00e4chtige", "addon": 4}}, {"model": "projekt47.defaultname", "pk": 15, "fields": {"name": "Pia Riesenbizeps", "addon": 4}}, {"model": "projekt47.defaultname", "pk": 16, "fields": {"name": "Rinkelrank", "addon": 4}}, {"model": "projekt47.defaultname", "pk": 17, "fields": {"name": "Bernd", "addon": 4}}, {"model": "projekt47.defaultname", "pk": 18, "fields": {"name": "Dieter", "addon": 4}}, {"model": "projekt47.defaultname", "pk": 19, "fields": {"name": "Olaf", "addon": 4}}, {"model": "projekt47.defaultname", "pk": 20, "fields": {"name": "Olaf der Feine", "addon": 4}}, {"model": "projekt47.defaultname", "pk": 21, "fields": {"name": "Uwe Auchdabei", "addon": 4}}, {"model": "projekt47.defaultname", "pk": 22, "fields": {"name": "Zola die Sorglose", "addon": 4}}, {"model": "projekt47.defaultname", "pk": 23, "fields": {"name": "Fischi Fischei", "addon": 4}}, {"model": "projekt47.defaultname", "pk": 24, "fields": {"name": "Greta G\u00e4rtner", "addon": 4}}, {"model": "projekt47.defaultname", "pk": 25, "fields": {"name": "Ulla Unscheinbar", "addon": 4}}, {"model": "projekt47.defaultname", "pk": 26, "fields": {"name": "Saskia Sabber", "addon": 4}}, {"model": "projekt47.defaultname", "pk": 27, "fields": {"name": "Thalia Pastorentocher", "addon": 4}}, {"model": "projekt47.defaultname", "pk": 28, "fields": {"name": "Karl Kraftprotz", "addon": 4}}, {"model": "projekt47.defaultname", "pk": 29, "fields": {"name": "Karla Kraftprotz", "addon": 4}}, {"model": "projekt47.defaultname", "pk": 30, "fields": {"name": "Pferdezahn Piana", "addon": 4}}, {"model": "projekt47.defaultname", "pk": 31, "fields": {"name": "Roter Ralf", "addon": 4}}, {"model": "projekt47.defaultname", "pk": 32, "fields": {"name": "Muskel Dennis", "addon": 4}}, {"model": "projekt47.defaultname", "pk": 33, "fields": {"name": "Otto Oberschlau", "addon": 4}}, {"model": "projekt47.defaultname", "pk": 34, "fields": {"name": "Komma Klara", "addon": 4}}, {"model": "projekt47.defaultname", "pk": 35, "fields": {"name": "Hendrik", "addon": 1}}, {"model": "projekt47.defaultname", "pk": 36, "fields": {"name": "Lukas", "addon": 1}}, {"model": "projekt47.defaultname", "pk": 37, "fields": {"name": "Peter", "addon": 1}}, {"model": "projekt47.defaultname", "pk": 38, "fields": {"name": "Hannes", "addon": 1}}, {"model": "projekt47.defaultname", "pk": 39, "fields": {"name": "Herbert", "addon": 1}}, {"model": "projekt47.defaultname", "pk": 40, "fields": {"name": "Christiane", "addon": 1}}, {"model": "projekt47.defaultname", "pk": 41, "fields": {"name": "Alfred", "addon": 1}}, {"model": "projekt47.defaultname", "pk": 42, "fields": {"name": "Ferdinant", "addon": 1}}, {"model": "projekt47.defaultname", "pk": 43, "fields": {"name": "Fred", "addon": 1}}, {"model": "projekt47.defaultname", "pk": 44, "fields": {"name": "Jasper", "addon": 1}}, {"model": "projekt47.defaultname", "pk": 45, "fields": {"name": "Gisela", "addon": 1}}, {"model": "projekt47.defaultname", "pk": 46, "fields": {"name": "Julia", "addon": 1}}, {"model": "projekt47.defaultname", "pk": 47, "fields": {"name": "Eva", "addon": 1}}, {"model": "projekt47.defaultname", "pk": 48, "fields": {"name": "Hannah", "addon": 1}}, {"model": "projekt47.defaultname", "pk": 49, "fields": {"name": "Johanna", "addon": 1}}, {"model": "projekt47.defaultname", "pk": 50, "fields": {"name": "Sofie", "addon": 1}}, {"model": "projekt47.defaultname", "pk": 51, "fields": {"name": "Mia", "addon": 1}}, {"model": "projekt47.defaultname", "pk": 52, "fields": {"name": "Angela", "addon": 1}}, {"model": "projekt47.defaultname", "pk": 53, "fields": {"name": "Mona", "addon": 1}}, {"model": "projekt47.defaultname", "pk": 54, "fields": {"name": "Franz", "addon": 1}}, {"model": "projekt47.defaultname", "pk": 55, "fields": {"name": "Joachim", "addon": 1}}, {"model": "projekt47.defaultname", "pk": 56, "fields": {"name": "Ralf", "addon": 1}}, {"model": "projekt47.defaultname", "pk": 57, "fields": {"name": "Otto", "addon": 1}}, {"model": "projekt47.defaultname", "pk": 58, "fields": {"name": "Bert", "addon": 1}}, {"model": "projekt47.defaultname", "pk": 59, "fields": {"name": "Ernie", "addon": 1}}, {"model": "projekt47.defaultname", "pk": 60, "fields": {"name": "Ingo", "addon": 1}}, {"model": "projekt47.defaultname", "pk": 61, "fields": {"name": "Klara", "addon": 1}}, {"model": "projekt47.defaultname", "pk": 62, "fields": {"name": "Jems", "addon": 1}}, {"model": "projekt47.defaultname", "pk": 63, "fields": {"name": "Ludwig", "addon": 1}}, {"model": "projekt47.defaultname", "pk": 64, "fields": {"name": "Ben", "addon": 1}}, {"model": "projekt47.defaultname", "pk": 65, "fields": {"name": "Svenja", "addon": 1}}, {"model": "projekt47.defaultname", "pk": 66, "fields": {"name": "S\u00f6ren", "addon": 1}}, {"model": "projekt47.defaultname", "pk": 67, "fields": {"name": "Werner", "addon": 1}}, {"model": "projekt47.defaultname", "pk": 68, "fields": {"name": "Alex", "addon": 1}}, {"model": "projekt47.defaultname", "pk": 69, "fields": {"name": "Laser Lars", "addon": 3}}, {"model": "projekt47.defaultname", "pk": 70, "fields": {"name": "Turbo Tabea", "addon": 3}}, {"model": "projekt47.defaultname", "pk": 71, "fields": {"name": "Jens Rocket", "addon": 3}}, {"model": "projekt47.defaultname", "pk": 72, "fields": {"name": "Space Sandra", "addon": 3}}, {"model": "projekt47.defaultname", "pk": 73, "fields": {"name": "Genno Galaxy", "addon": 3}}, {"model": "projekt47.defaultname", "pk": 74, "fields": {"name": "Hansi Hussle", "addon": 3}}, {"model": "projekt47.defaultname", "pk": 75, "fields": {"name": "Wusel Werner", "addon": 3}}, {"model": "projekt47.defaultname", "pk": 76, "fields": {"name": "Super Sibille", "addon": 3}}, {"model": "projekt47.defaultname", "pk": 77, "fields": {"name": "Ultra Thomas", "addon": 3}}, {"model": "projekt47.defaultname", "pk": 78, "fields": {"name": "Robo Renas", "addon": 3}}, {"model": "projekt47.defaultname", "pk": 79, "fields": {"name": "Pyro Petra", "addon": 3}}, {"model": "projekt47.defaultname", "pk": 80, "fields": {"name": "Uwe", "addon": 3}}, {"model": "projekt47.defaultname", "pk": 81, "fields": {"name": "Chantalle", "addon": 3}}, {"model": "projekt47.defaultname", "pk": 82, "fields": {"name": "Jenga Karsten", "addon": 3}}, {"model": "projekt47.defaultname", "pk": 83, "fields": {"name": "Holo Hasso", "addon": 3}}, {"model": "projekt47.defaultname", "pk": 84, "fields": {"name": "Hackerman", "addon": 3}}, {"model": "projekt47.defaultname", "pk": 85, "fields": {"name": "Superhackerman", "addon": 3}}, {"model": "projekt47.defaultname", "pk": 86, "fields": {"name": "Superhackerman+", "addon": 3}}, {"model": "projekt47.defaultname", "pk": 87, "fields": {"name": "Hackerthorsten", "addon": 3}}, {"model": "projekt47.defaultname", "pk": 88, "fields": {"name": "Digital David", "addon": 3}}, {"model": "projekt47.defaultname", "pk": 89, "fields": {"name": "Hackerwoman", "addon": 3}}, {"model": "projekt47.defaultname", "pk": 90, "fields": {"name": "Chrome Cindy", "addon": 3}}, {"model": "projekt47.defaultname", "pk": 91, "fields": {"name": "Handy Mandy", "addon": 3}}, {"model": "projekt47.defaultname", "pk": 92, "fields": {"name": "Exo Elli", "addon": 3}}, {"model": "projekt47.defaultname", "pk": 93, "fields": {"name": "Pascal Parsek", "addon": 3}}, {"model": "projekt47.defaultname", "pk": 94, "fields": {"name": "Nova Nils", "addon": 3}}, {"model": "projekt47.defaultname", "pk": 95, "fields": {"name": "Gamma Giselle", "addon": 3}}, {"model": "projekt47.defaultname", "pk": 96, "fields": {"name": "Tobi T\u00fcftler", "addon": 3}}, {"model": "projekt47.defaultname", "pk": 97, "fields": {"name": "H4x0rM4n", "addon": 3}}, {"model": "projekt47.defaultname", "pk": 98, "fields": {"name": "Furios Frederik", "addon": 3}}, {"model": "projekt47.defaultname", "pk": 99, "fields": {"name": "Glizer Genno", "addon": 3}}, {"model": "projekt47.defaultname", "pk": 100, "fields": {"name": "Andromeda", "addon": 3}}, {"model": "projekt47.defaultname", "pk": 101, "fields": {"name": "Darth Dennis", "addon": 3}}, {"model": "projekt47.defaultname", "pk": 102, "fields": {"name": "Raketen Racelle", "addon": 3}}, {"model": "projekt47.charstat", "pk": 241, "fields": {"char": 64, "stat": 3, "value": 4}}, {"model": "projekt47.charstat", "pk": 242, "fields": {"char": 64, "stat": 2, "value": 4}}, {"model": "projekt47.charstat", "pk": 243, "fields": {"char": 64, "stat": 4, "value": 4}}, {"model": "projekt47.charstat", "pk": 244, "fields": {"char": 64, "stat": 1, "value": 4}}, {"model": "projekt47.charstat", "pk": 245, "fields": {"char": 67, "stat": 1, "value": 5}}, {"model": "projekt47.charstat", "pk": 246, "fields": {"char": 67, "stat": 2, "value": 5}}, {"model": "projekt47.charstat", "pk": 247, "fields": {"char": 67, "stat": 3, "value": 5}}, {"model": "projekt47.charstat", "pk": 248, "fields": {"char": 67, "stat": 4, "value": 5}}, {"model": "projekt47.charstat", "pk": 249, "fields": {"char": 67, "stat": 8, "value": 5}}, {"model": "projekt47.charstat", "pk": 331, "fields": {"char": 83, "stat": 1, "value": 4}}, {"model": "projekt47.charstat", "pk": 332, "fields": {"char": 83, "stat": 2, "value": 4}}, {"model": "projekt47.charstat", "pk": 333, "fields": {"char": 83, "stat": 3, "value": 4}}, {"model": "projekt47.charstat", "pk": 334, "fields": {"char": 83, "stat": 4, "value": 4}}, {"model": "projekt47.charstat", "pk": 335, "fields": {"char": 83, "stat": 8, "value": 4}}, {"model": "projekt47.charstat", "pk": 336, "fields": {"char": 84, "stat": 9, "value": 2}}, {"model": "projekt47.charstat", "pk": 337, "fields": {"char": 84, "stat": 10, "value": 4}}, {"model": "projekt47.charstat", "pk": 338, "fields": {"char": 84, "stat": 11, "value": 4}}, {"model": "projekt47.charstat", "pk": 339, "fields": {"char": 84, "stat": 12, "value": 1}}, {"model": "projekt47.charstat", "pk": 340, "fields": {"char": 84, "stat": 13, "value": 4}}, {"model": "projekt47.charstat", "pk": 341, "fields": {"char": 84, "stat": 14, "value": 4}}, {"model": "projekt47.charstat", "pk": 342, "fields": {"char": 84, "stat": 15, "value": 4}}, {"model": "projekt47.charstat", "pk": 343, "fields": {"char": 85, "stat": 9, "value": 4}}, {"model": "projekt47.charstat", "pk": 344, "fields": {"char": 85, "stat": 10, "value": 4}}, {"model": "projekt47.charstat", "pk": 345, "fields": {"char": 85, "stat": 11, "value": 4}}, {"model": "projekt47.charstat", "pk": 346, "fields": {"char": 85, "stat": 12, "value": 4}}, {"model": "projekt47.charstat", "pk": 347, "fields": {"char": 85, "stat": 13, "value": 3}}, {"model": "projekt47.charstat", "pk": 348, "fields": {"char": 85, "stat": 14, "value": 4}}, {"model": "projekt47.charstat", "pk": 349, "fields": {"char": 85, "stat": 15, "value": 5}}, {"model": "projekt47.charstat", "pk": 350, "fields": {"char": 86, "stat": 16, "value": 1}}, {"model": "projekt47.charstat", "pk": 351, "fields": {"char": 86, "stat": 17, "value": 1}}, {"model": "projekt47.charstat", "pk": 352, "fields": {"char": 86, "stat": 18, "value": 1}}, {"model": "projekt47.charstat", "pk": 353, "fields": {"char": 87, "stat": 16, "value": 1}}, {"model": "projekt47.charstat", "pk": 354, "fields": {"char": 87, "stat": 17, "value": 1}}, {"model": "projekt47.charstat", "pk": 355, "fields": {"char": 87, "stat": 18, "value": 1}}, {"model": "projekt47.charstat", "pk": 356, "fields": {"char": 88, "stat": 16, "value": 3}}, {"model": "projekt47.charstat", "pk": 357, "fields": {"char": 88, "stat": 17, "value": 3}}, {"model": "projekt47.charstat", "pk": 358, "fields": {"char": 88, "stat": 18, "value": 3}}, {"model": "projekt47.charstat", "pk": 359, "fields": {"char": 90, "stat": 9, "value": 2}}, {"model": "projekt47.charstat", "pk": 360, "fields": {"char": 90, "stat": 10, "value": 2}}, {"model": "projekt47.charstat", "pk": 361, "fields": {"char": 90, "stat": 11, "value": 4}}, {"model": "projekt47.charstat", "pk": 362, "fields": {"char": 90, "stat": 12, "value": 2}}, {"model": "projekt47.charstat", "pk": 363, "fields": {"char": 90, "stat": 13, "value": 2}}, {"model": "projekt47.charstat", "pk": 364, "fields": {"char": 90, "stat": 14, "value": 4}}, {"model": "projekt47.charstat", "pk": 365, "fields": {"char": 90, "stat": 15, "value": 1}}, {"model": "projekt47.charstat", "pk": 366, "fields": {"char": 91, "stat": 9, "value": 1}}, {"model": "projekt47.charstat", "pk": 367, "fields": {"char": 91, "stat": 10, "value": 4}}, {"model": "projekt47.charstat", "pk": 368, "fields": {"char": 91, "stat": 11, "value": 4}}, {"model": "projekt47.charstat", "pk": 369, "fields": {"char": 91, "stat": 12, "value": 4}}, {"model": "projekt47.charstat", "pk": 370, "fields": {"char": 91, "stat": 13, "value": 4}}, {"model": "projekt47.charstat", "pk": 371, "fields": {"char": 91, "stat": 14, "value": 4}}, {"model": "projekt47.charstat", "pk": 372, "fields": {"char": 91, "stat": 15, "value": 4}}, {"model": "projekt47.charstat", "pk": 373, "fields": {"char": 92, "stat": 5, "value": 4}}, {"model": "projekt47.charstat", "pk": 374, "fields": {"char": 93, "stat": 1, "value": 4}}, {"model": "projekt47.charstat", "pk": 375, "fields": {"char": 93, "stat": 2, "value": 4}}, {"model": "projekt47.charstat", "pk": 376, "fields": {"char": 93, "stat": 3, "value": 4}}, {"model": "projekt47.charstat", "pk": 377, "fields": {"char": 93, "stat": 4, "value": 4}}, {"model": "projekt47.charstat", "pk": 378, "fields": {"char": 93, "stat": 8, "value": 4}}, {"model": "projekt47.charstat", "pk": 379, "fields": {"char": 94, "stat": 6, "value": 4}}, {"model": "projekt47.charstat", "pk": 380, "fields": {"char": 94, "stat": 7, "value": 4}}, {"model": "projekt47.charstat", "pk": 381, "fields": {"char": 97, "stat": 9, "value": 4}}, {"model": "projekt47.charstat", "pk": 382, "fields": {"char": 97, "stat": 10, "value": 4}}, {"model": "projekt47.charstat", "pk": 383, "fields": {"char": 97, "stat": 11, "value": 4}}, {"model": "projekt47.charstat", "pk": 384, "fields": {"char": 97, "stat": 12, "value": 4}}, {"model": "projekt47.charstat", "pk": 385, "fields": {"char": 97, "stat": 13, "value": 4}}, {"model": "projekt47.charstat", "pk": 386, "fields": {"char": 97, "stat": 14, "value": 4}}, {"model": "projekt47.charstat", "pk": 387, "fields": {"char": 97, "stat": 15, "value": 4}}, {"model": "projekt47.charstat", "pk": 388, "fields": {"char": 98, "stat": 9, "value": 4}}, {"model": "projekt47.charstat", "pk": 389, "fields": {"char": 98, "stat": 10, "value": 4}}, {"model": "projekt47.charstat", "pk": 390, "fields": {"char": 98, "stat": 11, "value": 4}}, {"model": "projekt47.charstat", "pk": 391, "fields": {"char": 98, "stat": 12, "value": 4}}, {"model": "projekt47.charstat", "pk": 392, "fields": {"char": 98, "stat": 13, "value": 4}}, {"model": "projekt47.charstat", "pk": 393, "fields": {"char": 98, "stat": 14, "value": 4}}, {"model": "projekt47.charstat", "pk": 394, "fields": {"char": 98, "stat": 15, "value": 4}}, {"model": "projekt47.charstat", "pk": 395, "fields": {"char": 99, "stat": 9, "value": 4}}, {"model": "projekt47.charstat", "pk": 396, "fields": {"char": 99, "stat": 10, "value": 4}}, {"model": "projekt47.charstat", "pk": 397, "fields": {"char": 99, "stat": 11, "value": 4}}, {"model": "projekt47.charstat", "pk": 398, "fields": {"char": 99, "stat": 12, "value": 4}}, {"model": "projekt47.charstat", "pk": 399, "fields": {"char": 99, "stat": 13, "value": 4}}, {"model": "projekt47.charstat", "pk": 400, "fields": {"char": 99, "stat": 14, "value": 4}}, {"model": "projekt47.charstat", "pk": 401, "fields": {"char": 99, "stat": 15, "value": 4}}, {"model": "projekt47.charstat", "pk": 402, "fields": {"char": 100, "stat": 9, "value": 4}}, {"model": "projekt47.charstat", "pk": 403, "fields": {"char": 100, "stat": 10, "value": 4}}, {"model": "projekt47.charstat", "pk": 404, "fields": {"char": 100, "stat": 11, "value": 4}}, {"model": "projekt47.charstat", "pk": 405, "fields": {"char": 100, "stat": 12, "value": 4}}, {"model": "projekt47.charstat", "pk": 406, "fields": {"char": 100, "stat": 13, "value": 4}}, {"model": "projekt47.charstat", "pk": 407, "fields": {"char": 100, "stat": 14, "value": 4}}, {"model": "projekt47.charstat", "pk": 408, "fields": {"char": 100, "stat": 15, "value": 4}}, {"model": "projekt47.charstat", "pk": 409, "fields": {"char": 101, "stat": 9, "value": 4}}, {"model": "projekt47.charstat", "pk": 410, "fields": {"char": 101, "stat": 10, "value": 4}}, {"model": "projekt47.charstat", "pk": 411, "fields": {"char": 101, "stat": 11, "value": 4}}, {"model": "projekt47.charstat", "pk": 412, "fields": {"char": 101, "stat": 12, "value": 4}}, {"model": "projekt47.charstat", "pk": 413, "fields": {"char": 101, "stat": 13, "value": 4}}, {"model": "projekt47.charstat", "pk": 414, "fields": {"char": 101, "stat": 14, "value": 4}}, {"model": "projekt47.charstat", "pk": 415, "fields": {"char": 101, "stat": 15, "value": 4}}, {"model": "projekt47.charstat", "pk": 416, "fields": {"char": 102, "stat": 9, "value": 4}}, {"model": "projekt47.charstat", "pk": 417, "fields": {"char": 102, "stat": 10, "value": 4}}, {"model": "projekt47.charstat", "pk": 418, "fields": {"char": 102, "stat": 11, "value": 4}}, {"model": "projekt47.charstat", "pk": 419, "fields": {"char": 102, "stat": 12, "value": 4}}, {"model": "projekt47.charstat", "pk": 420, "fields": {"char": 102, "stat": 13, "value": 4}}, {"model": "projekt47.charstat", "pk": 421, "fields": {"char": 102, "stat": 14, "value": 4}}, {"model": "projekt47.charstat", "pk": 422, "fields": {"char": 102, "stat": 15, "value": 4}}, {"model": "projekt47.charstat", "pk": 423, "fields": {"char": 103, "stat": 9, "value": 4}}, {"model": "projekt47.charstat", "pk": 424, "fields": {"char": 103, "stat": 10, "value": 4}}, {"model": "projekt47.charstat", "pk": 425, "fields": {"char": 103, "stat": 11, "value": 4}}, {"model": "projekt47.charstat", "pk": 426, "fields": {"char": 103, "stat": 12, "value": 4}}, {"model": "projekt47.charstat", "pk": 427, "fields": {"char": 103, "stat": 13, "value": 4}}, {"model": "projekt47.charstat", "pk": 428, "fields": {"char": 103, "stat": 14, "value": 4}}, {"model": "projekt47.charstat", "pk": 429, "fields": {"char": 103, "stat": 15, "value": 4}}, {"model": "projekt47.charstat", "pk": 430, "fields": {"char": 104, "stat": 9, "value": 4}}, {"model": "projekt47.charstat", "pk": 431, "fields": {"char": 104, "stat": 10, "value": 4}}, {"model": "projekt47.charstat", "pk": 432, "fields": {"char": 104, "stat": 11, "value": 4}}, {"model": "projekt47.charstat", "pk": 433, "fields": {"char": 104, "stat": 12, "value": 4}}, {"model": "projekt47.charstat", "pk": 434, "fields": {"char": 104, "stat": 13, "value": 4}}, {"model": "projekt47.charstat", "pk": 435, "fields": {"char": 104, "stat": 14, "value": 4}}, {"model": "projekt47.charstat", "pk": 436, "fields": {"char": 104, "stat": 15, "value": 4}}, {"model": "projekt47.charstat", "pk": 437, "fields": {"char": 105, "stat": 9, "value": 4}}, {"model": "projekt47.charstat", "pk": 438, "fields": {"char": 105, "stat": 10, "value": 4}}, {"model": "projekt47.charstat", "pk": 439, "fields": {"char": 105, "stat": 11, "value": 4}}, {"model": "projekt47.charstat", "pk": 440, "fields": {"char": 105, "stat": 12, "value": 4}}, {"model": "projekt47.charstat", "pk": 441, "fields": {"char": 105, "stat": 13, "value": 4}}, {"model": "projekt47.charstat", "pk": 442, "fields": {"char": 105, "stat": 14, "value": 4}}, {"model": "projekt47.charstat", "pk": 443, "fields": {"char": 105, "stat": 15, "value": 4}}, {"model": "projekt47.charstat", "pk": 444, "fields": {"char": 106, "stat": 9, "value": 1}}, {"model": "projekt47.charstat", "pk": 445, "fields": {"char": 106, "stat": 10, "value": 4}}, {"model": "projekt47.charstat", "pk": 446, "fields": {"char": 106, "stat": 11, "value": 4}}, {"model": "projekt47.charstat", "pk": 447, "fields": {"char": 106, "stat": 12, "value": 4}}, {"model": "projekt47.charstat", "pk": 448, "fields": {"char": 106, "stat": 13, "value": 4}}, {"model": "projekt47.charstat", "pk": 449, "fields": {"char": 106, "stat": 14, "value": 4}}, {"model": "projekt47.charstat", "pk": 450, "fields": {"char": 106, "stat": 15, "value": 4}}, {"model": "projekt47.charstat", "pk": 451, "fields": {"char": 107, "stat": 9, "value": 1}}, {"model": "projekt47.charstat", "pk": 452, "fields": {"char": 107, "stat": 10, "value": 1}}, {"model": "projekt47.charstat", "pk": 453, "fields": {"char": 107, "stat": 11, "value": 4}}, {"model": "projekt47.charstat", "pk": 454, "fields": {"char": 107, "stat": 12, "value": 1}}, {"model": "projekt47.charstat", "pk": 455, "fields": {"char": 107, "stat": 13, "value": 3}}, {"model": "projekt47.charstat", "pk": 456, "fields": {"char": 107, "stat": 14, "value": 4}}, {"model": "projekt47.charstat", "pk": 457, "fields": {"char": 107, "stat": 15, "value": 4}}, {"model": "projekt47.charstat", "pk": 458, "fields": {"char": 108, "stat": 9, "value": 4}}, {"model": "projekt47.charstat", "pk": 459, "fields": {"char": 108, "stat": 10, "value": 4}}, {"model": "projekt47.charstat", "pk": 460, "fields": {"char": 108, "stat": 11, "value": 4}}, {"model": "projekt47.charstat", "pk": 461, "fields": {"char": 108, "stat": 12, "value": 4}}, {"model": "projekt47.charstat", "pk": 462, "fields": {"char": 108, "stat": 13, "value": 4}}, {"model": "projekt47.charstat", "pk": 463, "fields": {"char": 108, "stat": 14, "value": 4}}, {"model": "projekt47.charstat", "pk": 464, "fields": {"char": 108, "stat": 15, "value": 4}}, {"model": "projekt47.charstat", "pk": 465, "fields": {"char": 109, "stat": 9, "value": 4}}, {"model": "projekt47.charstat", "pk": 466, "fields": {"char": 109, "stat": 10, "value": 4}}, {"model": "projekt47.charstat", "pk": 467, "fields": {"char": 109, "stat": 11, "value": 4}}, {"model": "projekt47.charstat", "pk": 468, "fields": {"char": 109, "stat": 12, "value": 4}}, {"model": "projekt47.charstat", "pk": 469, "fields": {"char": 109, "stat": 13, "value": 4}}, {"model": "projekt47.charstat", "pk": 470, "fields": {"char": 109, "stat": 14, "value": 4}}, {"model": "projekt47.charstat", "pk": 471, "fields": {"char": 109, "stat": 15, "value": 4}}, {"model": "projekt47.charstat", "pk": 472, "fields": {"char": 110, "stat": 9, "value": 5}}, {"model": "projekt47.charstat", "pk": 473, "fields": {"char": 110, "stat": 10, "value": 3}}, {"model": "projekt47.charstat", "pk": 474, "fields": {"char": 110, "stat": 11, "value": 4}}, {"model": "projekt47.charstat", "pk": 475, "fields": {"char": 110, "stat": 12, "value": 3}}, {"model": "projekt47.charstat", "pk": 476, "fields": {"char": 110, "stat": 13, "value": 3}}, {"model": "projekt47.charstat", "pk": 477, "fields": {"char": 110, "stat": 14, "value": 4}}, {"model": "projekt47.charstat", "pk": 478, "fields": {"char": 110, "stat": 15, "value": 3}}, {"model": "projekt47.charstat", "pk": 479, "fields": {"char": 111, "stat": 5, "value": 4}}, {"model": "projekt47.charstat", "pk": 480, "fields": {"char": 112, "stat": 9, "value": 5}}, {"model": "projekt47.charstat", "pk": 481, "fields": {"char": 112, "stat": 10, "value": 3}}, {"model": "projekt47.charstat", "pk": 482, "fields": {"char": 112, "stat": 11, "value": 4}}, {"model": "projekt47.charstat", "pk": 483, "fields": {"char": 112, "stat": 12, "value": 3}}, {"model": "projekt47.charstat", "pk": 484, "fields": {"char": 112, "stat": 13, "value": 3}}, {"model": "projekt47.charstat", "pk": 485, "fields": {"char": 112, "stat": 14, "value": 4}}, {"model": "projekt47.charstat", "pk": 486, "fields": {"char": 112, "stat": 15, "value": 4}}, {"model": "projekt47.charstat", "pk": 487, "fields": {"char": 113, "stat": 9, "value": 4}}, {"model": "projekt47.charstat", "pk": 488, "fields": {"char": 113, "stat": 10, "value": 5}}, {"model": "projekt47.charstat", "pk": 489, "fields": {"char": 113, "stat": 11, "value": 4}}, {"model": "projekt47.charstat", "pk": 490, "fields": {"char": 113, "stat": 12, "value": 3}}, {"model": "projekt47.charstat", "pk": 491, "fields": {"char": 113, "stat": 13, "value": 4}}, {"model": "projekt47.charstat", "pk": 492, "fields": {"char": 113, "stat": 14, "value": 4}}, {"model": "projekt47.charstat", "pk": 493, "fields": {"char": 113, "stat": 15, "value": 4}}, {"model": "projekt47.charstat", "pk": 494, "fields": {"char": 114, "stat": 9, "value": 4}}, {"model": "projekt47.charstat", "pk": 495, "fields": {"char": 114, "stat": 10, "value": 3}}, {"model": "projekt47.charstat", "pk": 496, "fields": {"char": 114, "stat": 11, "value": 4}}, {"model": "projekt47.charstat", "pk": 497, "fields": {"char": 114, "stat": 12, "value": 3}}, {"model": "projekt47.charstat", "pk": 498, "fields": {"char": 114, "stat": 13, "value": 4}}, {"model": "projekt47.charstat", "pk": 499, "fields": {"char": 114, "stat": 14, "value": 4}}, {"model": "projekt47.charstat", "pk": 500, "fields": {"char": 114, "stat": 15, "value": 4}}, {"model": "projekt47.charstat", "pk": 501, "fields": {"char": 115, "stat": 9, "value": 4}}, {"model": "projekt47.charstat", "pk": 502, "fields": {"char": 115, "stat": 10, "value": 4}}, {"model": "projekt47.charstat", "pk": 503, "fields": {"char": 115, "stat": 11, "value": 4}}, {"model": "projekt47.charstat", "pk": 504, "fields": {"char": 115, "stat": 12, "value": 5}}, {"model": "projekt47.charstat", "pk": 505, "fields": {"char": 115, "stat": 13, "value": 3}}, {"model": "projekt47.charstat", "pk": 506, "fields": {"char": 115, "stat": 14, "value": 4}}, {"model": "projekt47.charstat", "pk": 507, "fields": {"char": 115, "stat": 15, "value": 4}}, {"model": "projekt47.charstat", "pk": 508, "fields": {"char": 116, "stat": 9, "value": 4}}, {"model": "projekt47.charstat", "pk": 509, "fields": {"char": 116, "stat": 10, "value": 4}}, {"model": "projekt47.charstat", "pk": 510, "fields": {"char": 116, "stat": 11, "value": 4}}, {"model": "projekt47.charstat", "pk": 511, "fields": {"char": 116, "stat": 12, "value": 4}}, {"model": "projekt47.charstat", "pk": 512, "fields": {"char": 116, "stat": 13, "value": 3}}, {"model": "projekt47.charstat", "pk": 513, "fields": {"char": 116, "stat": 14, "value": 4}}, {"model": "projekt47.charstat", "pk": 514, "fields": {"char": 116, "stat": 15, "value": 4}}, {"model": "projekt47.charstat", "pk": 515, "fields": {"char": 117, "stat": 9, "value": 1}}, {"model": "projekt47.charstat", "pk": 516, "fields": {"char": 117, "stat": 10, "value": 1}}, {"model": "projekt47.charstat", "pk": 517, "fields": {"char": 117, "stat": 11, "value": 4}}, {"model": "projekt47.charstat", "pk": 518, "fields": {"char": 117, "stat": 12, "value": 5}}, {"model": "projekt47.charstat", "pk": 519, "fields": {"char": 117, "stat": 13, "value": 5}}, {"model": "projekt47.charstat", "pk": 520, "fields": {"char": 117, "stat": 14, "value": 4}}, {"model": "projekt47.charstat", "pk": 521, "fields": {"char": 117, "stat": 15, "value": 1}}, {"model": "projekt47.charstat", "pk": 522, "fields": {"char": 118, "stat": 9, "value": 4}}, {"model": "projekt47.charstat", "pk": 523, "fields": {"char": 118, "stat": 10, "value": 4}}, {"model": "projekt47.charstat", "pk": 524, "fields": {"char": 118, "stat": 11, "value": 4}}, {"model": "projekt47.charstat", "pk": 525, "fields": {"char": 118, "stat": 12, "value": 4}}, {"model": "projekt47.charstat", "pk": 526, "fields": {"char": 118, "stat": 13, "value": 4}}, {"model": "projekt47.charstat", "pk": 527, "fields": {"char": 118, "stat": 14, "value": 4}}, {"model": "projekt47.charstat", "pk": 528, "fields": {"char": 118, "stat": 15, "value": 4}}, {"model": "projekt47.charstat", "pk": 529, "fields": {"char": 119, "stat": 9, "value": 4}}, {"model": "projekt47.charstat", "pk": 530, "fields": {"char": 119, "stat": 10, "value": 4}}, {"model": "projekt47.charstat", "pk": 531, "fields": {"char": 119, "stat": 11, "value": 4}}, {"model": "projekt47.charstat", "pk": 532, "fields": {"char": 119, "stat": 12, "value": 4}}, {"model": "projekt47.charstat", "pk": 533, "fields": {"char": 119, "stat": 13, "value": 4}}, {"model": "projekt47.charstat", "pk": 534, "fields": {"char": 119, "stat": 14, "value": 4}}, {"model": "projekt47.charstat", "pk": 535, "fields": {"char": 119, "stat": 15, "value": 4}}, {"model": "projekt47.charstat", "pk": 536, "fields": {"char": 120, "stat": 9, "value": 2}}, {"model": "projekt47.charstat", "pk": 537, "fields": {"char": 120, "stat": 10, "value": 2}}, {"model": "projekt47.charstat", "pk": 538, "fields": {"char": 120, "stat": 11, "value": 4}}, {"model": "projekt47.charstat", "pk": 539, "fields": {"char": 120, "stat": 12, "value": 3}}, {"model": "projekt47.charstat", "pk": 540, "fields": {"char": 120, "stat": 13, "value": 1}}, {"model": "projekt47.charstat", "pk": 541, "fields": {"char": 120, "stat": 14, "value": 4}}, {"model": "projekt47.charstat", "pk": 542, "fields": {"char": 120, "stat": 15, "value": 2}}, {"model": "wuerfeln.ssp", "pk": 1, "fields": {"inline_msg_id": "AgAAAH3TAQDvQgkLtxaxFCirhJg", "chat_id": null, "msg_id": null, "player1": "185156335", "name1": "Lukas", "choice1": "schere", "player2": "185156335", "name2": "Lukas", "choice2": "stein"}}, {"model": "wuerfeln.ssp", "pk": 2, "fields": {"inline_msg_id": "AgAAAH7TAQDvQgkL5fH5GXp04LE", "chat_id": null, "msg_id": null, "player1": "185156335", "name1": "Lukas", "choice1": "schere", "player2": "185156335", "name2": "Lukas", "choice2": "stein"}}, {"model": "wuerfeln.ssp", "pk": 3, "fields": {"inline_msg_id": "AgAAAH_TAQDvQgkLA-fTkm09cx8", "chat_id": null, "msg_id": null, "player1": "185156335", "name1": "Lukas", "choice1": "schere", "player2": "185156335", "name2": "Lukas", "choice2": "papier"}}, {"model": "wuerfeln.ssp", "pk": 4, "fields": {"inline_msg_id": "AgAAAITTAQDvQgkL1opmzgkjZDk", "chat_id": null, "msg_id": null, "player1": "185156335", "name1": "Lukas", "choice1": "stein", "player2": "55092001", "name2": "kurt", "choice2": "papier"}}, {"model": "wuerfeln.ssp", "pk": 5, "fields": {"inline_msg_id": "AgAAAIvTAQDvQgkL87gxkauVyGE", "chat_id": null, "msg_id": null, "player1": "185156335", "name1": "Lukas", "choice1": "papier", "player2": "129116350", "name2": "Hendrico", "choice2": "papier"}}, {"model": "wuerfeln.ssp", "pk": 6, "fields": {"inline_msg_id": "AgAAAIX5AAC-KLIHG-cN1f3fGMc", "chat_id": null, "msg_id": null, "player1": "129116350", "name1": "Hendrico", "choice1": "stein", "player2": "185156335", "name2": "Lukas", "choice2": "stein"}}, {"model": "wuerfeln.ssp", "pk": 7, "fields": {"inline_msg_id": "AgAAAJjTAQDvQgkLC-QgyJcEGx8", "chat_id": null, "msg_id": null, "player1": "185156335", "name1": "Lukas", "choice1": "papier", "player2": "111825778", "name2": "Claas", "choice2": "papier"}}, {"model": "wuerfeln.ssp", "pk": 8, "fields": {"inline_msg_id": "AgAAAGH1AQByU6oGdhgGU41Fn-0", "chat_id": null, "msg_id": null, "player1": "111825778", "name1": "Claas", "choice1": "papier", "player2": "185156335", "name2": "Lukas", "choice2": "stein"}}, {"model": "wuerfeln.ssp", "pk": 9, "fields": {"inline_msg_id": "AgAAANf5AAC-KLIHdg7KfALx1zk", "chat_id": null, "msg_id": null, "player1": "129116350", "name1": "Hendrico", "choice1": "schere", "player2": "290095746", "name2": "Lottchen", "choice2": "papier"}}, {"model": "wuerfeln.ssp", "pk": 10, "fields": {"inline_msg_id": "AgAAAN7VAQDvQgkL938s9PybjKQ", "chat_id": null, "msg_id": null, "player1": "185156335", "name1": "Lukas", "choice1": "papier", "player2": "348491698", "name2": "Luke", "choice2": "stein"}}, {"model": "wuerfeln.ssp", "pk": 11, "fields": {"inline_msg_id": "AgAAAPXVAQDvQgkL7wIomj6XZPc", "chat_id": null, "msg_id": null, "player1": "129116350", "name1": "Hendrico", "choice1": "stein", "player2": "185156335", "name2": "Lukas", "choice2": "schere"}}, {"model": "wuerfeln.ssp", "pk": 12, "fields": {"inline_msg_id": "AgAAAPTvAQDvQgkLtwuVwRgPy80", "chat_id": null, "msg_id": null, "player1": "126686541", "name1": "Ren", "choice1": "papier", "player2": "185156335", "name2": "Lukas", "choice2": "papier"}}, {"model": "wuerfeln.ssp", "pk": 13, "fields": {"inline_msg_id": "AgAAAJhUAQBNFY0HSxJx6kjLTkM", "chat_id": null, "msg_id": null, "player1": "126686541", "name1": "Ren", "choice1": "stein", "player2": "185156335", "name2": "Lukas", "choice2": "schere"}}, {"model": "wuerfeln.ssp", "pk": 14, "fields": {"inline_msg_id": "AgAAAFr-AQDvQgkLU0gqCj46K4E", "chat_id": null, "msg_id": null, "player1": "667576269", "name1": "Linus die Klinge", "choice1": "stein", "player2": "55092001", "name2": "kurt", "choice2": "papier"}}, {"model": "wuerfeln.ssp", "pk": 15, "fields": {"inline_msg_id": "AgAAAMMmAgDvQgkLi__gaxiPslY", "chat_id": null, "msg_id": null, "player1": "185156335", "name1": "Lukas", "choice1": "stein", "player2": "185156335", "name2": "Lukas", "choice2": "schere"}}, {"model": "wuerfeln.ssp", "pk": 16, "fields": {"inline_msg_id": "AgAAAOcoAgDvQgkLdjUIA8b8o2s", "chat_id": null, "msg_id": null, "player1": "185156335", "name1": "Lukas", "choice1": "papier", "player2": "651594567", "name2": "Mike", "choice2": "stein"}}, {"model": "wuerfeln.ssp", "pk": 17, "fields": {"inline_msg_id": "AgAAAP4oAgDvQgkLl3krueGebVM", "chat_id": null, "msg_id": null, "player1": "185156335", "name1": "Lukas", "choice1": "papier", "player2": "870886364", "name2": "Niclas", "choice2": "stein"}}, {"model": "wuerfeln.ssp", "pk": 18, "fields": {"inline_msg_id": "AgAAAHQ1AADcq-gzuIwpAbdQHsc", "chat_id": null, "msg_id": null, "player1": "870886364", "name1": "Niclas", "choice1": "stein", "player2": "933119045", "name2": "Marija", "choice2": "papier"}}, {"model": "wuerfeln.ssp", "pk": 19, "fields": {"inline_msg_id": "AgAAABo6AADcq-gzvohO62svnPc", "chat_id": null, "msg_id": null, "player1": "870886364", "name1": "Niclas", "choice1": "stein", "player2": "626971662", "name2": "Maren", "choice2": "papier"}}, {"model": "wuerfeln.ssp", "pk": 20, "fields": {"inline_msg_id": "AgAAAM4-AADcq-gzduHqFeoB2ME", "chat_id": null, "msg_id": null, "player1": "870886364", "name1": "Niclas", "choice1": "papier", "player2": "805641477", "name2": "Ann-Sophie", "choice2": "stein"}}, {"model": "wuerfeln.ssp", "pk": 21, "fields": {"inline_msg_id": "AgAAAGJLAgDvQgkLTPpfk2NX99E", "chat_id": null, "msg_id": null, "player1": "129116350", "name1": "Hendrico", "choice1": "stein", "player2": "185156335", "name2": "Lukas", "choice2": "schere"}}, {"model": "mensa.canteen", "pk": 167, "fields": {"name": "Uni Mensa"}}, {"model": "mensa.canteen", "pk": 201, "fields": {"name": "NW1 Mensa"}}, {"model": "mensa.category", "pk": 3, "fields": {"name": "Essen 1", "canteen": 167}}, {"model": "mensa.category", "pk": 4, "fields": {"name": "Essen 2", "canteen": 167}}, {"model": "mensa.category", "pk": 5, "fields": {"name": "Vegetarische Theke", "canteen": 167}}, {"model": "mensa.category", "pk": 6, "fields": {"name": "Pfanne, Wok & Co.", "canteen": 167}}, {"model": "mensa.category", "pk": 7, "fields": {"name": "Aufl\u00e4ufe & Gratin", "canteen": 167}}, {"model": "mensa.category", "pk": 8, "fields": {"name": "Veganes Wochenangebot,pro 100gSelbstbedienung", "canteen": 167}}, {"model": "mensa.category", "pk": 9, "fields": {"name": "Essen 1", "canteen": 201}}, {"model": "mensa.category", "pk": 10, "fields": {"name": "Essen 2", "canteen": 201}}, {"model": "mensa.category", "pk": 11, "fields": {"name": "Zusatzangebot", "canteen": 201}}, {"model": "mensa.profile", "pk": 1, "fields": {"name": "Default Bremen", "categories": [3, 4, 5, 11]}}, {"model": "mensa.mensauser", "pk": 1, "fields": {"telebot_user": 185156335, "web_name": null, "date_modified": "2019-11-29T12:07:27.618Z", "date_created": "2019-11-29T11:55:20.918Z", "profile": 1}}, {"model": "listerer.chat", "pk": "-1001105385569", "fields": {"last_updated": "2019-12-23T16:16:29.980Z", "title": null, "permissionmute": false}}, {"model": "listerer.chat", "pk": "-1001272901024", "fields": {"last_updated": "2019-08-04T10:15:01.743Z", "title": null, "permissionmute": false}}, {"model": "listerer.chat", "pk": "-1001370201960", "fields": {"last_updated": "2020-01-16T21:05:48.274Z", "title": null, "permissionmute": false}}, {"model": "listerer.chat", "pk": "-1001425759387", "fields": {"last_updated": "2019-05-30T09:26:59.931Z", "title": null, "permissionmute": false}}, {"model": "listerer.chat", "pk": "-303301519", "fields": {"last_updated": "2020-01-26T19:23:13.828Z", "title": null, "permissionmute": false}}, {"model": "listerer.chat", "pk": "-320296228", "fields": {"last_updated": "2019-08-31T10:03:09.202Z", "title": null, "permissionmute": false}}, {"model": "listerer.chat", "pk": "-352164604", "fields": {"last_updated": "2019-12-27T18:05:31.039Z", "title": null, "permissionmute": false}}, {"model": "listerer.chat", "pk": "-361225800", "fields": {"last_updated": "2019-04-30T01:36:54.036Z", "title": null, "permissionmute": false}}, {"model": "listerer.chat", "pk": "-367607591", "fields": {"last_updated": "2019-05-30T12:44:05.571Z", "title": null, "permissionmute": false}}, {"model": "listerer.chat", "pk": "-369617183", "fields": {"last_updated": "2019-08-04T10:13:44.984Z", "title": null, "permissionmute": false}}, {"model": "listerer.chat", "pk": "-384903766", "fields": {"last_updated": "2019-05-30T09:26:21.254Z", "title": null, "permissionmute": false}}, {"model": "listerer.chat", "pk": "185156335", "fields": {"last_updated": "2019-04-30T00:45:53.587Z", "title": null, "permissionmute": false}}, {"model": "listerer.chat", "pk": "290095746", "fields": {"last_updated": "2019-12-27T18:03:47.028Z", "title": null, "permissionmute": false}}, {"model": "listerer.message", "pk": 59, "fields": {"msg_id": "1887", "last_updated": "2019-05-30T09:26:21.361Z", "chat": "-384903766", "from_bot": true, "text": "Deine Liste:"}}, {"model": "listerer.message", "pk": 62, "fields": {"msg_id": "8", "last_updated": "2019-05-30T12:43:02.747Z", "chat": "-1001425759387", "from_bot": true, "text": "Deine Liste:"}}, {"model": "listerer.message", "pk": 65, "fields": {"msg_id": "1896", "last_updated": "2019-06-18T18:28:13.963Z", "chat": "-361225800", "from_bot": true, "text": "Deine Liste:"}}, {"model": "listerer.message", "pk": 81, "fields": {"msg_id": "1935", "last_updated": "2019-08-04T10:13:54.071Z", "chat": "-369617183", "from_bot": true, "text": "Deine Liste:"}}, {"model": "listerer.message", "pk": 109, "fields": {"msg_id": "12", "last_updated": "2019-08-21T18:54:26.896Z", "chat": "-1001272901024", "from_bot": true, "text": "Deine Liste:"}}, {"model": "listerer.message", "pk": 147, "fields": {"msg_id": "2075", "last_updated": "2019-08-31T13:18:28.775Z", "chat": "-320296228", "from_bot": true, "text": "Deine Liste:"}}, {"model": "listerer.message", "pk": 159, "fields": {"msg_id": "2112", "last_updated": "2019-10-08T13:22:09.794Z", "chat": "185156335", "from_bot": true, "text": "Deine Liste:"}}, {"model": "listerer.message", "pk": 289, "fields": {"msg_id": "2327", "last_updated": "2019-12-27T18:03:47.117Z", "chat": "290095746", "from_bot": true, "text": "Deine Liste:"}}, {"model": "listerer.message", "pk": 322, "fields": {"msg_id": "67", "last_updated": "2020-01-16T16:55:21.965Z", "chat": "-1001105385569", "from_bot": true, "text": "Deine Liste:"}}, {"model": "listerer.message", "pk": 327, "fields": {"msg_id": "50", "last_updated": "2020-01-16T21:06:27.713Z", "chat": "-1001370201960", "from_bot": true, "text": "Deine Liste:"}}, {"model": "listerer.message", "pk": 331, "fields": {"msg_id": "2404", "last_updated": "2020-01-18T09:41:02.212Z", "chat": "-367607591", "from_bot": true, "text": "Deine Liste:"}}, {"model": "listerer.message", "pk": 340, "fields": {"msg_id": "2422", "last_updated": "2020-01-21T15:42:59.546Z", "chat": "-352164604", "from_bot": true, "text": "Deine Liste:"}}, {"model": "listerer.message", "pk": 342, "fields": {"msg_id": "2434", "last_updated": "2020-01-26T19:23:17.882Z", "chat": "-303301519", "from_bot": true, "text": "Deine Liste:"}}, {"model": "listerer.item", "pk": 77, "fields": {"author_id": null, "text": "Brot", "last_updated": "2019-05-30T09:26:59.978Z", "chat": "-1001425759387"}}, {"model": "listerer.item", "pk": 78, "fields": {"author_id": null, "text": "K\u00e4se", "last_updated": "2019-05-30T09:27:15.074Z", "chat": "-1001425759387"}}, {"model": "listerer.item", "pk": 79, "fields": {"author_id": null, "text": "Laktosefreie milch", "last_updated": "2019-05-30T12:43:02.512Z", "chat": "-1001425759387"}}, {"model": "listerer.item", "pk": 82, "fields": {"author_id": null, "text": "Juhu!", "last_updated": "2019-06-18T18:28:13.665Z", "chat": "-361225800"}}, {"model": "listerer.item", "pk": 96, "fields": {"author_id": null, "text": "Hi", "last_updated": "2019-08-04T10:13:45.039Z", "chat": "-369617183"}}, {"model": "listerer.item", "pk": 97, "fields": {"author_id": null, "text": "Hi", "last_updated": "2019-08-04T10:13:53.982Z", "chat": "-369617183"}}, {"model": "listerer.item", "pk": 100, "fields": {"author_id": null, "text": "Semesterbeitrag", "last_updated": "2019-08-04T10:15:38.525Z", "chat": "-1001272901024"}}, {"model": "listerer.item", "pk": 124, "fields": {"author_id": null, "text": "Druckerpatrone", "last_updated": "2019-08-21T17:42:32.908Z", "chat": "-1001272901024"}}, {"model": "listerer.item", "pk": 162, "fields": {"author_id": null, "text": "\ud83d\udc69\ud83c\udffc\u200d\ud83e\uddb0 Nutten", "last_updated": "2019-08-31T13:16:15.929Z", "chat": "-320296228"}}, {"model": "listerer.item", "pk": 172, "fields": {"author_id": null, "text": "Krankenkasse!!", "last_updated": "2019-10-05T13:47:06.224Z", "chat": "185156335"}}, {"model": "listerer.item", "pk": 289, "fields": {"author_id": null, "text": "Hallo", "last_updated": "2019-12-27T18:03:47.068Z", "chat": "290095746"}}, {"model": "listerer.item", "pk": 307, "fields": {"author_id": null, "text": "Sex", "last_updated": "2019-12-27T18:36:45.786Z", "chat": "-352164604"}}, {"model": "listerer.item", "pk": 340, "fields": {"author_id": null, "text": "Rosenkohl", "last_updated": "2020-01-21T15:42:59.458Z", "chat": "-352164604"}}, {"model": "listerer.item", "pk": 341, "fields": {"author_id": null, "text": "t", "last_updated": "2020-01-26T19:23:13.983Z", "chat": "-303301519"}}, {"model": "listerer.item", "pk": 342, "fields": {"author_id": null, "text": "fail", "last_updated": "2020-01-26T19:23:17.804Z", "chat": "-303301519"}}, {"model": "kicken.chat", "pk": -1001422263560, "fields": {"date_created": "2019-08-21T18:46:01.547Z", "date_modified": "2019-08-21T18:46:01.547Z", "name": null, "is_group": false, "public_default": false, "procted_default": false}}, {"model": "kicken.chat", "pk": -1001326040318, "fields": {"date_created": "2019-10-21T23:15:49.698Z", "date_modified": "2019-10-21T23:15:49.698Z", "name": null, "is_group": false, "public_default": false, "procted_default": false}}, {"model": "kicken.chat", "pk": -360190477, "fields": {"date_created": "2019-07-31T08:30:12.635Z", "date_modified": "2019-07-31T08:30:12.635Z", "name": null, "is_group": false, "public_default": false, "procted_default": false}}, {"model": "kicken.chat", "pk": 185156335, "fields": {"date_created": "2019-05-17T11:05:59.348Z", "date_modified": "2019-05-17T11:05:59.348Z", "name": null, "is_group": false, "public_default": false, "procted_default": false}}, {"model": "kicken.chat", "pk": 938689469, "fields": {"date_created": "2020-01-08T00:54:47.484Z", "date_modified": "2020-01-08T00:54:47.484Z", "name": null, "is_group": false, "public_default": false, "procted_default": false}}, {"model": "kicken.kickenuser", "pk": 6, "fields": {"telebot_user": 185156335, "web_name": "Luke"}}, {"model": "kicken.kickenuser", "pk": 7, "fields": {"telebot_user": 454839376, "web_name": null}}, {"model": "kicken.kickenuser", "pk": 8, "fields": {"telebot_user": 111825778, "web_name": null}}, {"model": "kicken.kickenuser", "pk": 9, "fields": {"telebot_user": 11624633, "web_name": null}}, {"model": "kicken.kickenuser", "pk": 10, "fields": {"telebot_user": 538853402, "web_name": null}}, {"model": "kicken.kickenuser", "pk": 11, "fields": {"telebot_user": 93213282, "web_name": null}}, {"model": "kicken.kickenuser", "pk": 12, "fields": {"telebot_user": 987098879, "web_name": null}}, {"model": "kicken.kickenuser", "pk": 13, "fields": {"telebot_user": 55092001, "web_name": null}}, {"model": "kicken.kickenuser", "pk": 14, "fields": {"telebot_user": 328622282, "web_name": null}}, {"model": "kicken.kickenuser", "pk": 15, "fields": {"telebot_user": 560014935, "web_name": null}}, {"model": "kicken.kickenuser", "pk": 16, "fields": {"telebot_user": 557888936, "web_name": null}}, {"model": "kicken.kickenuser", "pk": 17, "fields": {"telebot_user": 403128880, "web_name": null}}, {"model": "kicken.kickenuser", "pk": 18, "fields": {"telebot_user": 420651138, "web_name": null}}, {"model": "kicken.kickenuser", "pk": 19, "fields": {"telebot_user": 507137429, "web_name": null}}, {"model": "kicken.kickenuser", "pk": 20, "fields": {"telebot_user": 651594567, "web_name": null}}, {"model": "kicken.kickenuser", "pk": 21, "fields": {"telebot_user": 123583556, "web_name": "Jan"}}, {"model": "kicken.kickenuser", "pk": 22, "fields": {"telebot_user": 353927279, "web_name": null}}, {"model": "kicken.kickenuser", "pk": 23, "fields": {"telebot_user": 274614963, "web_name": null}}, {"model": "kicken.kickenuser", "pk": 24, "fields": {"telebot_user": 347090437, "web_name": null}}, {"model": "kicken.kickenuser", "pk": 25, "fields": {"telebot_user": 13285755, "web_name": null}}, {"model": "kicken.kickenuser", "pk": 26, "fields": {"telebot_user": 405223624, "web_name": null}}, {"model": "kicken.kickenuser", "pk": 27, "fields": {"telebot_user": 847230398, "web_name": null}}, {"model": "kicken.kickenuser", "pk": 28, "fields": {"telebot_user": 443603365, "web_name": null}}, {"model": "kicken.kickenuser", "pk": 29, "fields": {"telebot_user": 476006658, "web_name": null}}, {"model": "kicken.kickenuser", "pk": 30, "fields": {"telebot_user": 938689469, "web_name": null}}, {"model": "kicken.kickenuser", "pk": 31, "fields": {"telebot_user": 578999710, "web_name": null}}, {"model": "kicken.kickenuser", "pk": 32, "fields": {"telebot_user": 146329284, "web_name": null}}, {"model": "kicken.kickenuser", "pk": 33, "fields": {"telebot_user": 866621457, "web_name": null}}, {"model": "kicken.kickenuser", "pk": 34, "fields": {"telebot_user": 374463953, "web_name": null}}, {"model": "kicken.kickenuser", "pk": 35, "fields": {"telebot_user": 412779983, "web_name": null}}, {"model": "kicken.kickenuser", "pk": 36, "fields": {"telebot_user": 1083496624, "web_name": null}}, {"model": "kicken.kickenuser", "pk": 37, "fields": {"telebot_user": 1078648366, "web_name": null}}, {"model": "kicken.event", "pk": 233, "fields": {"chat": 185156335, "name": "test", "author": 6, "location": null, "date": null, "time": null, "date_created": "2019-10-21T23:06:32.514Z", "public": false, "protected": false}}, {"model": "kicken.event", "pk": 234, "fields": {"chat": 185156335, "name": "test", "author": 6, "location": null, "date": null, "time": null, "date_created": "2019-10-21T23:13:08.554Z", "public": false, "protected": false}}, {"model": "kicken.event", "pk": 235, "fields": {"chat": -1001326040318, "name": "Sonntag wieder Indoor", "author": 6, "location": null, "date": "2019-10-27", "time": "16:00:00", "date_created": "2019-10-21T23:15:49.704Z", "public": false, "protected": false}}, {"model": "kicken.event", "pk": 236, "fields": {"chat": -1001326040318, "name": "Immer wieder Sonntags", "author": 6, "location": null, "date": "2019-11-03", "time": "16:00:00", "date_created": "2019-10-28T14:01:18.662Z", "public": false, "protected": false}}, {"model": "kicken.event", "pk": 237, "fields": {"chat": -1001326040318, "name": "n\u00e4chsten sonntag", "author": 6, "location": null, "date": null, "time": "16:00:00", "date_created": "2019-11-05T15:08:06.313Z", "public": false, "protected": false}}, {"model": "kicken.event", "pk": 238, "fields": {"chat": -1001326040318, "name": "Sonntag", "author": 6, "location": null, "date": null, "time": null, "date_created": "2019-11-13T16:41:23.003Z", "public": false, "protected": false}}, {"model": "kicken.event", "pk": 239, "fields": {"chat": -1001326040318, "name": "Sonntag", "author": 21, "location": null, "date": null, "time": null, "date_created": "2019-11-19T10:43:23.814Z", "public": false, "protected": false}}, {"model": "kicken.event", "pk": 240, "fields": {"chat": -1001326040318, "name": "sonntag 16 Uhr Werder Sports", "author": 12, "location": null, "date": null, "time": "16:00:00", "date_created": "2019-11-27T19:03:47.144Z", "public": false, "protected": false}}, {"model": "kicken.event", "pk": 241, "fields": {"chat": -1001326040318, "name": "sonntag 16:00", "author": 6, "location": null, "date": null, "time": "16:00:00", "date_created": "2019-12-04T12:23:48.055Z", "public": false, "protected": false}}, {"model": "kicken.event", "pk": 242, "fields": {"chat": -1001326040318, "name": "sonntag 16:00", "author": 6, "location": null, "date": null, "time": "16:00:00", "date_created": "2019-12-10T08:15:47.736Z", "public": false, "protected": false}}, {"model": "kicken.event", "pk": 243, "fields": {"chat": -1001326040318, "name": "sonntag 22.12. 16:00", "author": 6, "location": null, "date": "2019-12-22", "time": "16:00:00", "date_created": "2019-12-17T11:32:35.139Z", "public": false, "protected": false}}, {"model": "kicken.event", "pk": 244, "fields": {"chat": -1001326040318, "name": "29.12. letzte chance 2019 zu kicken", "author": 6, "location": null, "date": "2019-12-29", "time": null, "date_created": "2019-12-26T21:10:57.722Z", "public": false, "protected": false}}, {"model": "kicken.event", "pk": 245, "fields": {"chat": -1001326040318, "name": "Samstag 4.1. 10:00 Werdersports?", "author": 9, "location": null, "date": "2020-01-04", "time": "10:00:00", "date_created": "2020-01-02T13:52:56.033Z", "public": false, "protected": false}}, {"model": "kicken.event", "pk": 246, "fields": {"chat": -1001326040318, "name": "Sonntag 16 Uhr", "author": 12, "location": null, "date": null, "time": "16:00:00", "date_created": "2020-01-02T17:25:38.595Z", "public": false, "protected": false}}, {"model": "kicken.event", "pk": 247, "fields": {"chat": -1001326040318, "name": "Sonntag 16 Uhr", "author": 12, "location": null, "date": null, "time": "16:00:00", "date_created": "2020-01-05T16:47:53.018Z", "public": false, "protected": false}}, {"model": "kicken.event", "pk": 248, "fields": {"chat": -1001326040318, "name": "Mittwoch Abend spontan", "author": 12, "location": null, "date": null, "time": "21:00:00", "date_created": "2020-01-06T14:57:59.018Z", "public": false, "protected": false}}, {"model": "kicken.event", "pk": 249, "fields": {"chat": 938689469, "name": "<Name des Events>", "author": 30, "location": null, "date": null, "time": null, "date_created": "2020-01-08T00:54:47.504Z", "public": false, "protected": false}}, {"model": "kicken.event", "pk": 250, "fields": {"chat": 938689469, "name": "<Name des Events>", "author": 30, "location": null, "date": null, "time": null, "date_created": "2020-01-08T00:55:18.034Z", "public": false, "protected": false}}, {"model": "kicken.event", "pk": 251, "fields": {"chat": -1001326040318, "name": "Mittwoch 20:00 Werder Sports", "author": 12, "location": null, "date": null, "time": "20:00:00", "date_created": "2020-01-13T11:08:13.322Z", "public": false, "protected": false}}, {"model": "kicken.event", "pk": 252, "fields": {"chat": 185156335, "name": "test", "author": 6, "location": null, "date": null, "time": null, "date_created": "2020-01-13T11:08:17.804Z", "public": false, "protected": false}}, {"model": "kicken.event", "pk": 253, "fields": {"chat": -1001326040318, "name": "Mitwoch 22.01. 18 Uhr Werder Sports", "author": 12, "location": null, "date": "2020-01-22", "time": "18:00:00", "date_created": "2020-01-16T19:57:08.439Z", "public": false, "protected": false}}, {"model": "kicken.event", "pk": 254, "fields": {"chat": -1001326040318, "name": "Mittwoch Abend Werder Sports", "author": 12, "location": null, "date": null, "time": null, "date_created": "2020-01-25T15:20:59.433Z", "public": false, "protected": false}}, {"model": "kicken.event", "pk": 255, "fields": {"chat": -1001326040318, "name": "Spontan Morgen mittags Werder Sports", "author": 27, "location": null, "date": null, "time": null, "date_created": "2020-01-25T15:39:30.363Z", "public": false, "protected": false}}, {"model": "kicken.event", "pk": 256, "fields": {"chat": -1001326040318, "name": "Sonntag 16 Uhr", "author": 12, "location": null, "date": null, "time": "16:00:00", "date_created": "2020-01-30T16:56:10.769Z", "public": false, "protected": false}}, {"model": "kicken.event", "pk": 257, "fields": {"chat": -1001326040318, "name": "Mittwoch Abend", "author": 6, "location": null, "date": null, "time": null, "date_created": "2020-02-01T14:39:18.794Z", "public": false, "protected": false}}, {"model": "kicken.event", "pk": 258, "fields": {"chat": -1001326040318, "name": "Mittwoch 20:00", "author": 12, "location": null, "date": null, "time": "20:00:00", "date_created": "2020-02-09T12:17:32.046Z", "public": false, "protected": false}}, {"model": "kicken.event", "pk": 259, "fields": {"chat": -1001326040318, "name": "sonntag", "author": 6, "location": null, "date": null, "time": "16:00:00", "date_created": "2020-02-10T12:13:20.550Z", "public": false, "protected": false}}, {"model": "kicken.participation", "pk": 85, "fields": {"event": 234, "user": 6, "status": 3, "plus": 2}}, {"model": "kicken.participation", "pk": 86, "fields": {"event": 235, "user": 6, "status": 2, "plus": 0}}, {"model": "kicken.participation", "pk": 87, "fields": {"event": 235, "user": 7, "status": 3, "plus": 0}}, {"model": "kicken.participation", "pk": 88, "fields": {"event": 235, "user": 8, "status": 1, "plus": 0}}, {"model": "kicken.participation", "pk": 89, "fields": {"event": 235, "user": 9, "status": 1, "plus": 0}}, {"model": "kicken.participation", "pk": 90, "fields": {"event": 235, "user": 10, "status": 3, "plus": 0}}, {"model": "kicken.participation", "pk": 91, "fields": {"event": 235, "user": 11, "status": 1, "plus": 0}}, {"model": "kicken.participation", "pk": 92, "fields": {"event": 235, "user": 12, "status": 3, "plus": 4}}, {"model": "kicken.participation", "pk": 93, "fields": {"event": 235, "user": 13, "status": 1, "plus": 0}}, {"model": "kicken.participation", "pk": 94, "fields": {"event": 235, "user": 14, "status": 3, "plus": 2}}, {"model": "kicken.participation", "pk": 95, "fields": {"event": 235, "user": 15, "status": 3, "plus": 2}}, {"model": "kicken.participation", "pk": 96, "fields": {"event": 235, "user": 16, "status": 3, "plus": 0}}, {"model": "kicken.participation", "pk": 97, "fields": {"event": 235, "user": 17, "status": 3, "plus": 0}}, {"model": "kicken.participation", "pk": 98, "fields": {"event": 235, "user": 18, "status": 1, "plus": 0}}, {"model": "kicken.participation", "pk": 99, "fields": {"event": 236, "user": 6, "status": 3, "plus": 0}}, {"model": "kicken.participation", "pk": 100, "fields": {"event": 236, "user": 12, "status": 3, "plus": 4}}, {"model": "kicken.participation", "pk": 101, "fields": {"event": 236, "user": 19, "status": 1, "plus": 1}}, {"model": "kicken.participation", "pk": 102, "fields": {"event": 236, "user": 10, "status": 1, "plus": 0}}, {"model": "kicken.participation", "pk": 103, "fields": {"event": 236, "user": 20, "status": 1, "plus": 2}}, {"model": "kicken.participation", "pk": 104, "fields": {"event": 236, "user": 13, "status": 1, "plus": 0}}, {"model": "kicken.participation", "pk": 105, "fields": {"event": 236, "user": 16, "status": 3, "plus": 0}}, {"model": "kicken.participation", "pk": 106, "fields": {"event": 236, "user": 21, "status": 1, "plus": 0}}, {"model": "kicken.participation", "pk": 107, "fields": {"event": 236, "user": 9, "status": 3, "plus": 0}}, {"model": "kicken.participation", "pk": 108, "fields": {"event": 236, "user": 7, "status": 3, "plus": 0}}, {"model": "kicken.participation", "pk": 109, "fields": {"event": 236, "user": 8, "status": 1, "plus": 0}}, {"model": "kicken.participation", "pk": 110, "fields": {"event": 236, "user": 18, "status": 1, "plus": 0}}, {"model": "kicken.participation", "pk": 111, "fields": {"event": 237, "user": 6, "status": 3, "plus": 0}}, {"model": "kicken.participation", "pk": 112, "fields": {"event": 237, "user": 16, "status": 1, "plus": 0}}, {"model": "kicken.participation", "pk": 113, "fields": {"event": 237, "user": 21, "status": 3, "plus": 0}}, {"model": "kicken.participation", "pk": 114, "fields": {"event": 237, "user": 10, "status": 3, "plus": 3}}, {"model": "kicken.participation", "pk": 115, "fields": {"event": 237, "user": 9, "status": 1, "plus": 0}}, {"model": "kicken.participation", "pk": 116, "fields": {"event": 237, "user": 7, "status": 1, "plus": 0}}, {"model": "kicken.participation", "pk": 117, "fields": {"event": 237, "user": 13, "status": 3, "plus": 0}}, {"model": "kicken.participation", "pk": 118, "fields": {"event": 237, "user": 22, "status": 1, "plus": 0}}, {"model": "kicken.participation", "pk": 119, "fields": {"event": 238, "user": 6, "status": 3, "plus": 0}}, {"model": "kicken.participation", "pk": 120, "fields": {"event": 238, "user": 12, "status": 1, "plus": 0}}, {"model": "kicken.participation", "pk": 121, "fields": {"event": 238, "user": 21, "status": 3, "plus": 3}}, {"model": "kicken.participation", "pk": 122, "fields": {"event": 238, "user": 16, "status": 3, "plus": 0}}, {"model": "kicken.participation", "pk": 123, "fields": {"event": 238, "user": 7, "status": 3, "plus": 0}}, {"model": "kicken.participation", "pk": 124, "fields": {"event": 238, "user": 19, "status": 1, "plus": 0}}, {"model": "kicken.participation", "pk": 125, "fields": {"event": 238, "user": 20, "status": 1, "plus": 0}}, {"model": "kicken.participation", "pk": 126, "fields": {"event": 238, "user": 8, "status": 1, "plus": 0}}, {"model": "kicken.participation", "pk": 127, "fields": {"event": 238, "user": 13, "status": 3, "plus": 0}}, {"model": "kicken.participation", "pk": 128, "fields": {"event": 238, "user": 23, "status": 1, "plus": 0}}, {"model": "kicken.participation", "pk": 129, "fields": {"event": 238, "user": 9, "status": 1, "plus": 0}}, {"model": "kicken.participation", "pk": 130, "fields": {"event": 239, "user": 21, "status": 3, "plus": 3}}, {"model": "kicken.participation", "pk": 131, "fields": {"event": 239, "user": 6, "status": 3, "plus": 0}}, {"model": "kicken.participation", "pk": 132, "fields": {"event": 239, "user": 12, "status": 3, "plus": 5}}, {"model": "kicken.participation", "pk": 133, "fields": {"event": 239, "user": 16, "status": 3, "plus": 0}}, {"model": "kicken.participation", "pk": 134, "fields": {"event": 239, "user": 13, "status": 2, "plus": 0}}, {"model": "kicken.participation", "pk": 135, "fields": {"event": 239, "user": 7, "status": 1, "plus": 0}}, {"model": "kicken.participation", "pk": 136, "fields": {"event": 239, "user": 24, "status": 3, "plus": 0}}, {"model": "kicken.participation", "pk": 137, "fields": {"event": 240, "user": 12, "status": 3, "plus": 3}}, {"model": "kicken.participation", "pk": 138, "fields": {"event": 240, "user": 9, "status": 1, "plus": 0}}, {"model": "kicken.participation", "pk": 139, "fields": {"event": 240, "user": 6, "status": 3, "plus": 0}}, {"model": "kicken.participation", "pk": 140, "fields": {"event": 240, "user": 25, "status": 2, "plus": 0}}, {"model": "kicken.participation", "pk": 141, "fields": {"event": 240, "user": 19, "status": 1, "plus": 0}}, {"model": "kicken.participation", "pk": 142, "fields": {"event": 240, "user": 16, "status": 3, "plus": 1}}, {"model": "kicken.participation", "pk": 143, "fields": {"event": 240, "user": 7, "status": 2, "plus": 0}}, {"model": "kicken.participation", "pk": 144, "fields": {"event": 240, "user": 13, "status": 3, "plus": 0}}, {"model": "kicken.participation", "pk": 145, "fields": {"event": 240, "user": 10, "status": 1, "plus": 0}}, {"model": "kicken.participation", "pk": 146, "fields": {"event": 240, "user": 24, "status": 1, "plus": 0}}, {"model": "kicken.participation", "pk": 147, "fields": {"event": 241, "user": 6, "status": 3, "plus": 0}}, {"model": "kicken.participation", "pk": 148, "fields": {"event": 241, "user": 12, "status": 3, "plus": 4}}, {"model": "kicken.participation", "pk": 149, "fields": {"event": 241, "user": 21, "status": 1, "plus": 0}}, {"model": "kicken.participation", "pk": 150, "fields": {"event": 241, "user": 24, "status": 3, "plus": 1}}, {"model": "kicken.participation", "pk": 151, "fields": {"event": 241, "user": 10, "status": 3, "plus": 2}}, {"model": "kicken.participation", "pk": 152, "fields": {"event": 241, "user": 16, "status": 2, "plus": 0}}, {"model": "kicken.participation", "pk": 153, "fields": {"event": 241, "user": 19, "status": 2, "plus": 0}}, {"model": "kicken.participation", "pk": 154, "fields": {"event": 241, "user": 15, "status": 1, "plus": 0}}, {"model": "kicken.participation", "pk": 155, "fields": {"event": 241, "user": 7, "status": 3, "plus": 0}}, {"model": "kicken.participation", "pk": 156, "fields": {"event": 242, "user": 6, "status": 3, "plus": 0}}, {"model": "kicken.participation", "pk": 157, "fields": {"event": 242, "user": 11, "status": 1, "plus": 0}}, {"model": "kicken.participation", "pk": 158, "fields": {"event": 242, "user": 12, "status": 3, "plus": 7}}, {"model": "kicken.participation", "pk": 159, "fields": {"event": 242, "user": 16, "status": 1, "plus": 0}}, {"model": "kicken.participation", "pk": 160, "fields": {"event": 242, "user": 19, "status": 1, "plus": 0}}, {"model": "kicken.participation", "pk": 161, "fields": {"event": 242, "user": 26, "status": 3, "plus": 0}}, {"model": "kicken.participation", "pk": 162, "fields": {"event": 242, "user": 7, "status": 1, "plus": 0}}, {"model": "kicken.participation", "pk": 163, "fields": {"event": 242, "user": 9, "status": 1, "plus": 0}}, {"model": "kicken.participation", "pk": 164, "fields": {"event": 242, "user": 10, "status": 2, "plus": 0}}, {"model": "kicken.participation", "pk": 165, "fields": {"event": 242, "user": 24, "status": 1, "plus": 0}}, {"model": "kicken.participation", "pk": 166, "fields": {"event": 242, "user": 15, "status": 3, "plus": 0}}, {"model": "kicken.participation", "pk": 167, "fields": {"event": 242, "user": 25, "status": 3, "plus": 0}}, {"model": "kicken.participation", "pk": 168, "fields": {"event": 243, "user": 16, "status": 1, "plus": 0}}, {"model": "kicken.participation", "pk": 169, "fields": {"event": 243, "user": 6, "status": 2, "plus": 0}}, {"model": "kicken.participation", "pk": 170, "fields": {"event": 243, "user": 10, "status": 2, "plus": 0}}, {"model": "kicken.participation", "pk": 171, "fields": {"event": 243, "user": 24, "status": 1, "plus": 0}}, {"model": "kicken.participation", "pk": 172, "fields": {"event": 243, "user": 21, "status": 3, "plus": 0}}, {"model": "kicken.participation", "pk": 173, "fields": {"event": 244, "user": 6, "status": 2, "plus": 1}}, {"model": "kicken.participation", "pk": 174, "fields": {"event": 244, "user": 18, "status": 3, "plus": 0}}, {"model": "kicken.participation", "pk": 175, "fields": {"event": 244, "user": 27, "status": 1, "plus": 0}}, {"model": "kicken.participation", "pk": 176, "fields": {"event": 244, "user": 28, "status": 3, "plus": 0}}, {"model": "kicken.participation", "pk": 177, "fields": {"event": 244, "user": 10, "status": 1, "plus": 0}}, {"model": "kicken.participation", "pk": 178, "fields": {"event": 244, "user": 26, "status": 1, "plus": 0}}, {"model": "kicken.participation", "pk": 179, "fields": {"event": 244, "user": 16, "status": 1, "plus": 0}}, {"model": "kicken.participation", "pk": 180, "fields": {"event": 244, "user": 9, "status": 3, "plus": 0}}, {"model": "kicken.participation", "pk": 181, "fields": {"event": 244, "user": 13, "status": 3, "plus": 0}}, {"model": "kicken.participation", "pk": 182, "fields": {"event": 244, "user": 29, "status": 1, "plus": 0}}, {"model": "kicken.participation", "pk": 183, "fields": {"event": 244, "user": 24, "status": 1, "plus": 0}}, {"model": "kicken.participation", "pk": 184, "fields": {"event": 245, "user": 9, "status": 1, "plus": 0}}, {"model": "kicken.participation", "pk": 185, "fields": {"event": 245, "user": 13, "status": 1, "plus": 0}}, {"model": "kicken.participation", "pk": 186, "fields": {"event": 246, "user": 12, "status": 3, "plus": 9}}, {"model": "kicken.participation", "pk": 187, "fields": {"event": 246, "user": 25, "status": 3, "plus": 0}}, {"model": "kicken.participation", "pk": 188, "fields": {"event": 246, "user": 16, "status": 2, "plus": 0}}, {"model": "kicken.participation", "pk": 189, "fields": {"event": 246, "user": 6, "status": 2, "plus": 0}}, {"model": "kicken.participation", "pk": 190, "fields": {"event": 246, "user": 13, "status": 1, "plus": 0}}, {"model": "kicken.participation", "pk": 191, "fields": {"event": 246, "user": 9, "status": 2, "plus": 0}}, {"model": "kicken.participation", "pk": 192, "fields": {"event": 246, "user": 10, "status": 2, "plus": 0}}, {"model": "kicken.participation", "pk": 193, "fields": {"event": 246, "user": 27, "status": 2, "plus": 0}}, {"model": "kicken.participation", "pk": 194, "fields": {"event": 247, "user": 12, "status": 3, "plus": 5}}, {"model": "kicken.participation", "pk": 195, "fields": {"event": 247, "user": 27, "status": 1, "plus": 0}}, {"model": "kicken.participation", "pk": 196, "fields": {"event": 247, "user": 6, "status": 3, "plus": 0}}, {"model": "kicken.participation", "pk": 197, "fields": {"event": 247, "user": 10, "status": 1, "plus": 0}}, {"model": "kicken.participation", "pk": 198, "fields": {"event": 247, "user": 25, "status": 3, "plus": 0}}, {"model": "kicken.participation", "pk": 199, "fields": {"event": 247, "user": 26, "status": 3, "plus": 0}}, {"model": "kicken.participation", "pk": 200, "fields": {"event": 248, "user": 12, "status": 3, "plus": 4}}, {"model": "kicken.participation", "pk": 201, "fields": {"event": 248, "user": 6, "status": 3, "plus": 0}}, {"model": "kicken.participation", "pk": 202, "fields": {"event": 248, "user": 13, "status": 2, "plus": 0}}, {"model": "kicken.participation", "pk": 203, "fields": {"event": 248, "user": 9, "status": 1, "plus": 0}}, {"model": "kicken.participation", "pk": 204, "fields": {"event": 248, "user": 16, "status": 3, "plus": 0}}, {"model": "kicken.participation", "pk": 205, "fields": {"event": 248, "user": 25, "status": 3, "plus": 0}}, {"model": "kicken.participation", "pk": 206, "fields": {"event": 248, "user": 10, "status": 1, "plus": 0}}, {"model": "kicken.participation", "pk": 207, "fields": {"event": 248, "user": 27, "status": 1, "plus": 0}}, {"model": "kicken.participation", "pk": 208, "fields": {"event": 248, "user": 7, "status": 3, "plus": 0}}, {"model": "kicken.participation", "pk": 209, "fields": {"event": 247, "user": 15, "status": 3, "plus": 0}}, {"model": "kicken.participation", "pk": 210, "fields": {"event": 247, "user": 31, "status": 2, "plus": 0}}, {"model": "kicken.participation", "pk": 211, "fields": {"event": 247, "user": 32, "status": 2, "plus": 0}}, {"model": "kicken.participation", "pk": 212, "fields": {"event": 247, "user": 16, "status": 2, "plus": 0}}, {"model": "kicken.participation", "pk": 213, "fields": {"event": 247, "user": 7, "status": 3, "plus": 0}}, {"model": "kicken.participation", "pk": 214, "fields": {"event": 247, "user": 21, "status": 1, "plus": 0}}, {"model": "kicken.participation", "pk": 215, "fields": {"event": 247, "user": 33, "status": 3, "plus": 0}}, {"model": "kicken.participation", "pk": 216, "fields": {"event": 251, "user": 12, "status": 3, "plus": 6}}, {"model": "kicken.participation", "pk": 217, "fields": {"event": 251, "user": 21, "status": 1, "plus": 0}}, {"model": "kicken.participation", "pk": 218, "fields": {"event": 251, "user": 6, "status": 3, "plus": 0}}, {"model": "kicken.participation", "pk": 219, "fields": {"event": 251, "user": 25, "status": 1, "plus": 0}}, {"model": "kicken.participation", "pk": 220, "fields": {"event": 251, "user": 32, "status": 1, "plus": 0}}, {"model": "kicken.participation", "pk": 221, "fields": {"event": 251, "user": 27, "status": 1, "plus": 0}}, {"model": "kicken.participation", "pk": 222, "fields": {"event": 251, "user": 34, "status": 3, "plus": 0}}, {"model": "kicken.participation", "pk": 223, "fields": {"event": 251, "user": 31, "status": 2, "plus": 0}}, {"model": "kicken.participation", "pk": 224, "fields": {"event": 251, "user": 10, "status": 1, "plus": 0}}, {"model": "kicken.participation", "pk": 225, "fields": {"event": 251, "user": 16, "status": 3, "plus": 0}}, {"model": "kicken.participation", "pk": 226, "fields": {"event": 251, "user": 24, "status": 1, "plus": 0}}, {"model": "kicken.participation", "pk": 227, "fields": {"event": 251, "user": 7, "status": 3, "plus": 0}}, {"model": "kicken.participation", "pk": 228, "fields": {"event": 253, "user": 12, "status": 3, "plus": 6}}, {"model": "kicken.participation", "pk": 229, "fields": {"event": 253, "user": 6, "status": 1, "plus": 0}}, {"model": "kicken.participation", "pk": 230, "fields": {"event": 253, "user": 15, "status": 1, "plus": 1}}, {"model": "kicken.participation", "pk": 231, "fields": {"event": 253, "user": 21, "status": 3, "plus": 0}}, {"model": "kicken.participation", "pk": 232, "fields": {"event": 253, "user": 16, "status": 3, "plus": 0}}, {"model": "kicken.participation", "pk": 233, "fields": {"event": 253, "user": 25, "status": 3, "plus": 0}}, {"model": "kicken.participation", "pk": 234, "fields": {"event": 253, "user": 27, "status": 1, "plus": 0}}, {"model": "kicken.participation", "pk": 235, "fields": {"event": 253, "user": 31, "status": 1, "plus": 0}}, {"model": "kicken.participation", "pk": 236, "fields": {"event": 253, "user": 7, "status": 1, "plus": 0}}, {"model": "kicken.participation", "pk": 237, "fields": {"event": 254, "user": 12, "status": 3, "plus": 7}}, {"model": "kicken.participation", "pk": 238, "fields": {"event": 254, "user": 16, "status": 3, "plus": 0}}, {"model": "kicken.participation", "pk": 239, "fields": {"event": 254, "user": 27, "status": 1, "plus": 0}}, {"model": "kicken.participation", "pk": 240, "fields": {"event": 255, "user": 27, "status": 3, "plus": 1}}, {"model": "kicken.participation", "pk": 241, "fields": {"event": 255, "user": 31, "status": 3, "plus": 0}}, {"model": "kicken.participation", "pk": 242, "fields": {"event": 254, "user": 10, "status": 2, "plus": 0}}, {"model": "kicken.participation", "pk": 243, "fields": {"event": 254, "user": 6, "status": 3, "plus": 0}}, {"model": "kicken.participation", "pk": 244, "fields": {"event": 255, "user": 6, "status": 1, "plus": 0}}, {"model": "kicken.participation", "pk": 245, "fields": {"event": 255, "user": 25, "status": 1, "plus": 0}}, {"model": "kicken.participation", "pk": 246, "fields": {"event": 254, "user": 25, "status": 1, "plus": 0}}, {"model": "kicken.participation", "pk": 247, "fields": {"event": 255, "user": 32, "status": 1, "plus": 0}}, {"model": "kicken.participation", "pk": 248, "fields": {"event": 254, "user": 32, "status": 1, "plus": 0}}, {"model": "kicken.participation", "pk": 249, "fields": {"event": 255, "user": 15, "status": 1, "plus": 0}}, {"model": "kicken.participation", "pk": 250, "fields": {"event": 254, "user": 7, "status": 3, "plus": 0}}, {"model": "kicken.participation", "pk": 251, "fields": {"event": 256, "user": 6, "status": 3, "plus": 0}}, {"model": "kicken.participation", "pk": 252, "fields": {"event": 256, "user": 32, "status": 2, "plus": 0}}, {"model": "kicken.participation", "pk": 253, "fields": {"event": 256, "user": 25, "status": 3, "plus": 0}}, {"model": "kicken.participation", "pk": 254, "fields": {"event": 256, "user": 16, "status": 2, "plus": 0}}, {"model": "kicken.participation", "pk": 255, "fields": {"event": 256, "user": 27, "status": 1, "plus": 0}}, {"model": "kicken.participation", "pk": 256, "fields": {"event": 256, "user": 7, "status": 3, "plus": 0}}, {"model": "kicken.participation", "pk": 257, "fields": {"event": 256, "user": 10, "status": 1, "plus": 0}}, {"model": "kicken.participation", "pk": 258, "fields": {"event": 257, "user": 6, "status": 3, "plus": 0}}, {"model": "kicken.participation", "pk": 259, "fields": {"event": 257, "user": 25, "status": 1, "plus": 0}}, {"model": "kicken.participation", "pk": 260, "fields": {"event": 257, "user": 16, "status": 3, "plus": 0}}, {"model": "kicken.participation", "pk": 261, "fields": {"event": 256, "user": 35, "status": 3, "plus": 0}}, {"model": "kicken.participation", "pk": 262, "fields": {"event": 257, "user": 35, "status": 3, "plus": 1}}, {"model": "kicken.participation", "pk": 263, "fields": {"event": 257, "user": 7, "status": 3, "plus": 0}}, {"model": "kicken.participation", "pk": 264, "fields": {"event": 257, "user": 10, "status": 2, "plus": 0}}, {"model": "kicken.participation", "pk": 265, "fields": {"event": 256, "user": 12, "status": 2, "plus": 0}}, {"model": "kicken.participation", "pk": 266, "fields": {"event": 257, "user": 12, "status": 3, "plus": 7}}, {"model": "kicken.participation", "pk": 267, "fields": {"event": 256, "user": 19, "status": 1, "plus": 0}}, {"model": "kicken.participation", "pk": 268, "fields": {"event": 257, "user": 31, "status": 3, "plus": 0}}, {"model": "kicken.participation", "pk": 269, "fields": {"event": 258, "user": 6, "status": 1, "plus": 0}}, {"model": "kicken.participation", "pk": 270, "fields": {"event": 258, "user": 36, "status": 3, "plus": 0}}, {"model": "kicken.participation", "pk": 271, "fields": {"event": 258, "user": 25, "status": 3, "plus": 0}}, {"model": "kicken.participation", "pk": 272, "fields": {"event": 258, "user": 35, "status": 3, "plus": 0}}, {"model": "kicken.participation", "pk": 273, "fields": {"event": 258, "user": 19, "status": 1, "plus": 0}}, {"model": "kicken.participation", "pk": 274, "fields": {"event": 258, "user": 16, "status": 3, "plus": 0}}, {"model": "kicken.participation", "pk": 275, "fields": {"event": 258, "user": 10, "status": 1, "plus": 0}}, {"model": "kicken.participation", "pk": 276, "fields": {"event": 259, "user": 6, "status": 3, "plus": 0}}, {"model": "kicken.participation", "pk": 277, "fields": {"event": 259, "user": 16, "status": 2, "plus": 0}}, {"model": "kicken.participation", "pk": 278, "fields": {"event": 259, "user": 35, "status": 3, "plus": 0}}, {"model": "kicken.participation", "pk": 279, "fields": {"event": 259, "user": 10, "status": 3, "plus": 0}}, {"model": "kicken.participation", "pk": 280, "fields": {"event": 259, "user": 25, "status": 3, "plus": 0}}, {"model": "kicken.participation", "pk": 281, "fields": {"event": 259, "user": 7, "status": 2, "plus": 0}}, {"model": "kicken.participation", "pk": 282, "fields": {"event": 258, "user": 7, "status": 1, "plus": 0}}, {"model": "kicken.participation", "pk": 283, "fields": {"event": 258, "user": 31, "status": 1, "plus": 0}}, {"model": "kicken.participation", "pk": 284, "fields": {"event": 259, "user": 31, "status": 1, "plus": 0}}, {"model": "kicken.participation", "pk": 285, "fields": {"event": 258, "user": 12, "status": 3, "plus": 0}}, {"model": "kicken.participation", "pk": 286, "fields": {"event": 258, "user": 32, "status": 2, "plus": 0}}, {"model": "kicken.participation", "pk": 287, "fields": {"event": 258, "user": 37, "status": 3, "plus": 0}}, {"model": "kicken.message", "pk": 1, "fields": {"chat": -1001422263560, "message_id": 54, "date_created": "2019-09-03T13:14:52.808Z", "date_modified": "2019-09-03T13:14:52.808Z", "from_bot": false, "text": "#127 asls (0)\n\n\n0 Vielleicht, 0 Absagen", "author_id": null}}, {"model": "kicken.message", "pk": 2, "fields": {"chat": -1001422263560, "message_id": 55, "date_created": "2019-09-03T13:14:55.772Z", "date_modified": "2019-09-03T13:14:55.773Z", "from_bot": false, "text": "#127 asls (1)\n\nLukas\n\n0 Vielleicht, 0 Absagen", "author_id": null}}, {"model": "kicken.message", "pk": 3, "fields": {"chat": -1001422263560, "message_id": 59, "date_created": "2019-09-03T13:15:11.498Z", "date_modified": "2019-09-03T13:15:11.498Z", "from_bot": false, "text": "#128 asl (0)\n\n\n0 Vielleicht, 0 Absagen", "author_id": null}}, {"model": "kicken.message", "pk": 4, "fields": {"chat": -1001422263560, "message_id": 60, "date_created": "2019-09-03T13:15:16.028Z", "date_modified": "2019-09-03T13:15:16.028Z", "from_bot": false, "text": "#128 asl (0)\n\n\n0 Vielleicht, 1 Absagen", "author_id": null}}, {"model": "kicken.message", "pk": 5, "fields": {"chat": -1001422263560, "message_id": 62, "date_created": "2019-09-03T13:19:10.432Z", "date_modified": "2019-09-03T13:19:10.432Z", "from_bot": false, "text": "#129 pip (0)\n\n\n0 Vielleicht, 0 Absagen", "author_id": null}}, {"model": "kicken.message", "pk": 6, "fields": {"chat": -1001422263560, "message_id": 63, "date_created": "2019-09-03T13:19:18.469Z", "date_modified": "2019-09-03T13:19:18.469Z", "from_bot": false, "text": "#129 pip (1)\n\nLukas\n\n0 Vielleicht, 0 Absagen", "author_id": null}}, {"model": "kicken.message", "pk": 7, "fields": {"chat": -1001422263560, "message_id": 65, "date_created": "2019-09-03T13:20:43.463Z", "date_modified": "2019-09-03T13:20:43.463Z", "from_bot": false, "text": "#130 ass (0)\n\n\n0 Vielleicht, 0 Absagen", "author_id": null}}, {"model": "kicken.message", "pk": 8, "fields": {"chat": -1001422263560, "message_id": 66, "date_created": "2019-09-03T13:20:45.254Z", "date_modified": "2019-09-03T13:20:45.254Z", "from_bot": false, "text": "#130 ass (1)\n\nLukas\n\n0 Vielleicht, 0 Absagen", "author_id": null}}, {"model": "kicken.message", "pk": 9, "fields": {"chat": -1001422263560, "message_id": 68, "date_created": "2019-09-03T13:31:10.639Z", "date_modified": "2019-09-03T13:31:10.639Z", "from_bot": false, "text": "#131 ppp (0)\n\n\n0 Vielleicht, 0 Absagen", "author_id": null}}, {"model": "kicken.message", "pk": 10, "fields": {"chat": -1001422263560, "message_id": 70, "date_created": "2019-09-03T14:22:57.639Z", "date_modified": "2019-09-03T14:22:57.639Z", "from_bot": false, "text": "#132 sims (0)\n\n\n0 Vielleicht, 0 Absagen", "author_id": null}}, {"model": "kicken.message", "pk": 11, "fields": {"chat": -1001422263560, "message_id": 72, "date_created": "2019-09-03T14:29:39.947Z", "date_modified": "2019-09-03T14:29:39.947Z", "from_bot": false, "text": "#133 asssm (0)\n\n\n0 Vielleicht, 0 Absagen", "author_id": null}}, {"model": "kicken.message", "pk": 12, "fields": {"chat": -1001422263560, "message_id": 74, "date_created": "2019-09-04T09:33:42.794Z", "date_modified": "2019-09-04T09:33:42.794Z", "from_bot": false, "text": "#134 sieben (0)\n\n\n0 Vielleicht, 0 Absagen", "author_id": null}}, {"model": "kicken.message", "pk": 13, "fields": {"chat": -1001422263560, "message_id": 76, "date_created": "2019-09-04T09:33:50.695Z", "date_modified": "2019-09-04T09:33:50.695Z", "from_bot": false, "text": "#135 sieee (0)\n\n\n0 Vielleicht, 0 Absagen", "author_id": null}}, {"model": "kicken.message", "pk": 14, "fields": {"chat": -1001422263560, "message_id": 78, "date_created": "2019-09-04T09:34:28.981Z", "date_modified": "2019-09-04T09:34:28.981Z", "from_bot": false, "text": "#136 asas (0)\n\n\n0 Vielleicht, 0 Absagen", "author_id": null}}, {"model": "kicken.message", "pk": 15, "fields": {"chat": -1001422263560, "message_id": 80, "date_created": "2019-09-04T14:30:23.524Z", "date_modified": "2019-09-04T14:30:23.524Z", "from_bot": false, "text": "#137 tach (0)\n\n\n0 Vielleicht, 0 Absagen", "author_id": null}}, {"model": "kicken.message", "pk": 16, "fields": {"chat": -1001422263560, "message_id": 82, "date_created": "2019-09-04T14:36:22.475Z", "date_modified": "2019-09-04T14:36:22.475Z", "from_bot": false, "text": "#138 samstag 1990 (0)\n\n\n0 Vielleicht, 0 Absagen", "author_id": null}}, {"model": "kicken.message", "pk": 17, "fields": {"chat": -1001422263560, "message_id": 83, "date_created": "2019-09-04T14:36:29.108Z", "date_modified": "2019-09-04T14:36:29.108Z", "from_bot": false, "text": "#138 samstag 1990 (1)\n\nLukas\n\n0 Vielleicht, 0 Absagen", "author_id": null}}, {"model": "kicken.message", "pk": 18, "fields": {"chat": -1001422263560, "message_id": 86, "date_created": "2019-09-04T14:36:38.620Z", "date_modified": "2019-09-04T14:36:38.620Z", "from_bot": false, "text": "#138 samstag 1990 (1)\n\nLukas\n\n0 Vielleicht, 0 Absagen", "author_id": null}}, {"model": "kicken.message", "pk": 19, "fields": {"chat": -1001422263560, "message_id": 89, "date_created": "2019-09-04T14:37:32.137Z", "date_modified": "2019-09-04T14:37:32.137Z", "from_bot": false, "text": "#138 test (1)\n\nLukas\n\n0 Vielleicht, 0 Absagen", "author_id": null}}, {"model": "kicken.message", "pk": 20, "fields": {"chat": -1001422263560, "message_id": 93, "date_created": "2019-09-04T14:38:42.770Z", "date_modified": "2019-09-04T14:38:42.770Z", "from_bot": false, "text": "#138 ssa (1)\n\nLukas\n\n0 Vielleicht, 0 Absagen", "author_id": null}}, {"model": "kicken.message", "pk": 21, "fields": {"chat": -1001422263560, "message_id": 95, "date_created": "2019-09-04T14:46:59.471Z", "date_modified": "2019-09-04T14:46:59.471Z", "from_bot": false, "text": "#138 ssa (1)\n\nLukas\n\n0 Vielleicht, 0 Absagen", "author_id": null}}, {"model": "kicken.message", "pk": 22, "fields": {"chat": -1001422263560, "message_id": 98, "date_created": "2019-09-04T14:49:43.284Z", "date_modified": "2019-09-04T14:49:43.285Z", "from_bot": false, "text": "#138 test (1)\n\nLukas\n\n0 Vielleicht, 0 Absagen", "author_id": null}}, {"model": "kicken.message", "pk": 23, "fields": {"chat": -1001422263560, "message_id": 101, "date_created": "2019-09-04T14:55:25.543Z", "date_modified": "2019-09-04T14:55:25.543Z", "from_bot": false, "text": "#139 ssa (0)\n\n\n0 Vielleicht, 0 Absagen", "author_id": null}}, {"model": "kicken.message", "pk": 24, "fields": {"chat": -1001422263560, "message_id": 103, "date_created": "2019-09-04T14:55:49.291Z", "date_modified": "2019-09-04T14:55:49.291Z", "from_bot": false, "text": "#139 simsala (1)\n\nLukas\n\n0 Vielleicht, 0 Absagen", "author_id": null}}, {"model": "kicken.message", "pk": 25, "fields": {"chat": -1001422263560, "message_id": 106, "date_created": "2019-09-04T14:57:30.571Z", "date_modified": "2019-09-04T14:57:30.571Z", "from_bot": false, "text": "#140 s (0)\n\n\n0 Vielleicht, 0 Absagen", "author_id": null}}, {"model": "kicken.message", "pk": 26, "fields": {"chat": -1001422263560, "message_id": 108, "date_created": "2019-09-04T14:57:36.805Z", "date_modified": "2019-09-04T14:57:36.805Z", "from_bot": false, "text": "#140 s2 (0)\n\n\n0 Vielleicht, 0 Absagen", "author_id": null}}, {"model": "kicken.message", "pk": 27, "fields": {"chat": -1001422263560, "message_id": 111, "date_created": "2019-09-04T14:58:34.574Z", "date_modified": "2019-09-04T14:58:34.574Z", "from_bot": false, "text": "#140 ss (0)\n\n\n0 Vielleicht, 0 Absagen", "author_id": null}}, {"model": "kicken.message", "pk": 28, "fields": {"chat": -1001422263560, "message_id": 114, "date_created": "2019-09-04T14:59:14.148Z", "date_modified": "2019-09-04T14:59:14.149Z", "from_bot": false, "text": "#141 ssi (0)\n\n\n0 Vielleicht, 0 Absagen", "author_id": null}}, {"model": "kicken.message", "pk": 29, "fields": {"chat": -1001422263560, "message_id": 116, "date_created": "2019-09-04T14:59:18.880Z", "date_modified": "2019-09-04T14:59:18.880Z", "from_bot": false, "text": "#141 ssi1 (0)\n\n\n0 Vielleicht, 0 Absagen", "author_id": null}}, {"model": "kicken.message", "pk": 30, "fields": {"chat": -1001422263560, "message_id": 119, "date_created": "2019-09-04T14:59:51.675Z", "date_modified": "2019-09-04T14:59:51.675Z", "from_bot": false, "text": "#142 sa (0)\n\n\n0 Vielleicht, 0 Absagen", "author_id": null}}, {"model": "kicken.message", "pk": 31, "fields": {"chat": -1001422263560, "message_id": 121, "date_created": "2019-09-04T14:59:58.064Z", "date_modified": "2019-09-04T14:59:58.064Z", "from_bot": false, "text": "#142 saa\u00f6 (0)\n\n\n0 Vielleicht, 0 Absagen", "author_id": null}}, {"model": "kicken.message", "pk": 32, "fields": {"chat": -1001422263560, "message_id": 124, "date_created": "2019-09-04T15:00:28.639Z", "date_modified": "2019-09-04T15:00:28.639Z", "from_bot": false, "text": "#142 tesss (0)\n\n\n0 Vielleicht, 0 Absagen", "author_id": null}}, {"model": "kicken.message", "pk": 33, "fields": {"chat": -1001422263560, "message_id": 144, "date_created": "2019-09-04T15:12:21.578Z", "date_modified": "2019-09-04T15:12:21.578Z", "from_bot": false, "text": "#143 aa (0)\n\n\n0 Vielleicht, 0 Absagen", "author_id": null}}, {"model": "kicken.message", "pk": 34, "fields": {"chat": -1001422263560, "message_id": 154, "date_created": "2019-09-04T15:16:20.408Z", "date_modified": "2019-09-04T15:16:20.408Z", "from_bot": false, "text": "#144 ana (0)\n\n\n0 Vielleicht, 0 Absagen", "author_id": null}}, {"model": "kicken.message", "pk": 35, "fields": {"chat": -1001422263560, "message_id": 167, "date_created": "2019-09-04T15:21:49.530Z", "date_modified": "2019-09-04T15:21:49.530Z", "from_bot": false, "text": "#144 ask (1)\n\nLukas\n\n0 Vielleicht, 0 Absagen", "author_id": null}}, {"model": "kicken.message", "pk": 36, "fields": {"chat": -1001422263560, "message_id": 173, "date_created": "2019-09-04T15:30:07.249Z", "date_modified": "2019-09-04T15:30:07.249Z", "from_bot": false, "text": "#145 asfa (0)\n\n\n0 Vielleicht, 0 Absagen", "author_id": null}}, {"model": "kicken.message", "pk": 37, "fields": {"chat": -1001422263560, "message_id": 175, "date_created": "2019-09-04T15:31:00.631Z", "date_modified": "2019-09-04T15:31:00.631Z", "from_bot": false, "text": "#146 fuk (0)\n\n\n0 Vielleicht, 0 Absagen", "author_id": null}}, {"model": "kicken.message", "pk": 38, "fields": {"chat": -1001422263560, "message_id": 177, "date_created": "2019-09-04T16:28:15.897Z", "date_modified": "2019-09-04T16:28:15.897Z", "from_bot": false, "text": "#147 nane ist toll (0)\n\n\n0 Vielleicht, 0 Absagen", "author_id": null}}, {"model": "kicken.message", "pk": 39, "fields": {"chat": -1001422263560, "message_id": 178, "date_created": "2019-09-04T16:28:45.116Z", "date_modified": "2019-09-04T16:28:45.116Z", "from_bot": false, "text": "#147 nane ist toll (0)\n\n\n1 Vielleicht, 0 Absagen", "author_id": null}}, {"model": "kicken.message", "pk": 40, "fields": {"chat": -1001422263560, "message_id": 182, "date_created": "2019-09-04T21:56:05.289Z", "date_modified": "2019-09-04T21:56:05.289Z", "from_bot": false, "text": "#148 dick? (0)\n\n\n0 Vielleicht, 0 Absagen", "author_id": null}}, {"model": "kicken.message", "pk": 41, "fields": {"chat": -1001422263560, "message_id": 184, "date_created": "2019-09-04T21:58:48.354Z", "date_modified": "2019-09-04T21:58:48.354Z", "from_bot": false, "text": "#149 stark (0)\n\n\n0 Vielleicht, 0 Absagen", "author_id": null}}, {"model": "kicken.message", "pk": 42, "fields": {"chat": -1001422263560, "message_id": 186, "date_created": "2019-09-04T21:59:19.491Z", "date_modified": "2019-09-04T21:59:19.491Z", "from_bot": false, "text": "#150 em (0)\n\n\n0 Vielleicht, 0 Absagen", "author_id": null}}, {"model": "kicken.message", "pk": 43, "fields": {"chat": -1001422263560, "message_id": 188, "date_created": "2019-09-04T22:01:03.013Z", "date_modified": "2019-09-04T22:01:03.013Z", "from_bot": false, "text": "#151 code (0)\n\n\n0 Vielleicht, 0 Absagen", "author_id": null}}, {"model": "kicken.message", "pk": 44, "fields": {"chat": -1001422263560, "message_id": 190, "date_created": "2019-09-04T22:02:15.323Z", "date_modified": "2019-09-04T22:02:15.323Z", "from_bot": false, "text": "#152 style? (0)\n\n\n0 Vielleicht, 0 Absagen", "author_id": null}}, {"model": "kicken.message", "pk": 45, "fields": {"chat": -1001422263560, "message_id": 192, "date_created": "2019-09-04T22:06:46.963Z", "date_modified": "2019-09-04T22:06:46.963Z", "from_bot": false, "text": "#153 ganz neu\n\n0 Zusagen:\n 0 Vielleicht, 0 Absagen", "author_id": null}}, {"model": "kicken.message", "pk": 46, "fields": {"chat": -1001422263560, "message_id": 194, "date_created": "2019-09-04T22:08:39.536Z", "date_modified": "2019-09-04T22:08:39.536Z", "from_bot": false, "text": "#154 samst\n\n0 Zusagen:\n\n0 Vielleicht, 0 Absagen", "author_id": null}}, {"model": "kicken.message", "pk": 47, "fields": {"chat": -1001422263560, "message_id": 196, "date_created": "2019-09-04T22:10:47.001Z", "date_modified": "2019-09-04T22:10:47.001Z", "from_bot": false, "text": "#155 mit nummer 1\ufe0f\u20e3\n\n0 Zusagen:\n\n0 Vielleicht, 0 Absagen", "author_id": null}}, {"model": "kicken.message", "pk": 48, "fields": {"chat": -1001422263560, "message_id": 198, "date_created": "2019-09-04T22:11:24.013Z", "date_modified": "2019-09-04T22:11:24.013Z", "from_bot": false, "text": "#156 mit nummer 1\ufe0f\u20e36\ufe0f\u20e3\n\n0 Zusagen:\n\n0 Vielleicht, 0 Absagen", "author_id": null}}, {"model": "kicken.message", "pk": 49, "fields": {"chat": -1001422263560, "message_id": 200, "date_created": "2019-09-04T22:20:24.111Z", "date_modified": "2019-09-04T22:20:24.111Z", "from_bot": false, "text": "#157 \u2601\ufe0f\u25aa\ufe0f\ud83d\udd39\ud83d\udd3b\ud83d\udd38\u26aa\ufe0f\ud83d\udd18\u2611\ufe0f\u2796\u25aa\ufe0f\u25ab\ufe0f\u26bd\ufe0f\ud83c\udfbd\ud83d\udc4d\ud83d\udc49\ud83d\udc49\n\n0 Zusagen:\n\n0 Vielleicht, 0 Absagen", "author_id": null}}, {"model": "kicken.message", "pk": 50, "fields": {"chat": -1001422263560, "message_id": 202, "date_created": "2019-09-04T22:24:04.544Z", "date_modified": "2019-09-04T22:24:04.544Z", "from_bot": false, "text": "#158 Samstag 18:30 VFL\n\n0 Zusagen:\n\n0 Vielleicht, 0 Absagen", "author_id": null}}, {"model": "kicken.message", "pk": 51, "fields": {"chat": -1001422263560, "message_id": 204, "date_created": "2019-09-04T22:25:50.350Z", "date_modified": "2019-09-04T22:25:50.350Z", "from_bot": false, "text": "#159 testi f\u00fcr samstag\n\n0 Zusagen:\n\n0 Vielleicht, 0 Absagen", "author_id": null}}, {"model": "kicken.message", "pk": 52, "fields": {"chat": -1001422263560, "message_id": 206, "date_created": "2019-09-04T22:28:09.503Z", "date_modified": "2019-09-04T22:28:09.503Z", "from_bot": false, "text": "#160 sansi\n\n0 Zusagen:\n\n\ud83e\udd140, \ud83d\udc4e0", "author_id": null}}, {"model": "kicken.message", "pk": 53, "fields": {"chat": -1001422263560, "message_id": 208, "date_created": "2019-09-04T22:29:32.410Z", "date_modified": "2019-09-04T22:29:32.410Z", "from_bot": false, "text": "#161 mit hell\n\n\ud83d\udc4d\ud83c\udffb0:\n\n\ud83e\udd140, \ud83d\udc4e0", "author_id": null}}, {"model": "kicken.message", "pk": 54, "fields": {"chat": -1001422263560, "message_id": 210, "date_created": "2019-09-04T22:30:57.777Z", "date_modified": "2019-09-04T22:30:57.777Z", "from_bot": false, "text": "#162 test\n\n\ud83d\udc4d\ud83c\udffb0:\n\n\ud83e\udd140, \ud83d\udc4e0", "author_id": null}}, {"model": "kicken.message", "pk": 55, "fields": {"chat": -1001422263560, "message_id": 212, "date_created": "2019-09-04T22:31:09.735Z", "date_modified": "2019-09-04T22:31:09.735Z", "from_bot": false, "text": "#163 test\n\n0 Zusagen:\n\n\ud83e\udd140 | \ud83d\udc4e0", "author_id": null}}, {"model": "kicken.message", "pk": 56, "fields": {"chat": -1001422263560, "message_id": 214, "date_created": "2019-09-04T22:50:05.637Z", "date_modified": "2019-09-04T22:50:05.637Z", "from_bot": false, "text": "#164 simpl\n\n\ud83d\udc4d0 | \ud83e\udd140 | \ud83d\udc4e0", "author_id": null}}, {"model": "kicken.message", "pk": 57, "fields": {"chat": -1001422263560, "message_id": 215, "date_created": "2019-09-04T22:56:45.693Z", "date_modified": "2019-09-04T22:56:45.693Z", "from_bot": false, "text": "#164 simpl\n\n \u25ab\ufe0f Lukas\n\n\ud83d\udc4d1  |  \ud83e\udd140  |  \ud83d\udc4e0", "author_id": null}}, {"model": "kicken.message", "pk": 58, "fields": {"chat": -1001422263560, "message_id": 217, "date_created": "2019-09-04T22:57:11.623Z", "date_modified": "2019-09-04T22:57:11.624Z", "from_bot": false, "text": "#164 simpl\n\n \u25ab\ufe0f Lukas\n\n\ud83d\udc4d1  |  \ud83e\udd140  |  \ud83d\udc4e0", "author_id": null}}, {"model": "kicken.message", "pk": 59, "fields": {"chat": -1001422263560, "message_id": 219, "date_created": "2019-09-04T22:57:17.636Z", "date_modified": "2019-09-04T22:57:17.636Z", "from_bot": false, "text": "#164 simpl\n\n\ud83d\udc4d0  |  \ud83e\udd141  |  \ud83d\udc4e0", "author_id": null}}, {"model": "kicken.message", "pk": 60, "fields": {"chat": -1001422263560, "message_id": 221, "date_created": "2019-09-04T22:57:22.483Z", "date_modified": "2019-09-04T22:57:22.483Z", "from_bot": false, "text": "#164 simpl\n\n\ud83d\udc4d0  |  \ud83e\udd141  |  \ud83d\udc4e0", "author_id": null}}, {"model": "kicken.message", "pk": 61, "fields": {"chat": 185156335, "message_id": 1063, "date_created": "2019-10-09T23:27:03.548Z", "date_modified": "2019-10-09T23:27:03.548Z", "from_bot": false, "text": "#165 Test\n\n\ud83d\udc4d0  |  \ud83e\udd140  |  \ud83d\udc4e0", "author_id": null}}, {"model": "kicken.message", "pk": 62, "fields": {"chat": 185156335, "message_id": 1064, "date_created": "2019-10-09T23:27:39.747Z", "date_modified": "2019-10-09T23:27:39.747Z", "from_bot": false, "text": "#165 Test\n\n\ud83d\udc4d0  |  \ud83e\udd141  |  \ud83d\udc4e0", "author_id": null}}, {"model": "kicken.message", "pk": 63, "fields": {"chat": 185156335, "message_id": 1066, "date_created": "2019-10-09T23:29:19.952Z", "date_modified": "2019-10-09T23:29:19.952Z", "from_bot": false, "text": "#166 test\n\n\ud83d\udc4d0  |  \ud83e\udd140  |  \ud83d\udc4e0", "author_id": null}}, {"model": "kicken.message", "pk": 64, "fields": {"chat": 185156335, "message_id": 1069, "date_created": "2019-10-09T23:34:49.570Z", "date_modified": "2019-10-09T23:34:49.570Z", "from_bot": false, "text": "#165 Test\n\n\ud83d\udc4d0  |  \ud83e\udd140  |  \ud83d\udc4e1", "author_id": null}}, {"model": "kicken.message", "pk": 65, "fields": {"chat": 185156335, "message_id": 1074, "date_created": "2019-10-09T23:36:52.694Z", "date_modified": "2019-10-09T23:36:52.694Z", "from_bot": false, "text": "#165 pimml\n\n\ud83d\udc4d0  |  \ud83e\udd141  |  \ud83d\udc4e0", "author_id": null}}, {"model": "kicken.message", "pk": 66, "fields": {"chat": 185156335, "message_id": 1075, "date_created": "2019-10-09T23:36:56.244Z", "date_modified": "2019-10-09T23:36:56.244Z", "from_bot": false, "text": "#165 pimml\n\n\ud83d\udc4d0  |  \ud83e\udd141  |  \ud83d\udc4e0", "author_id": null}}, {"model": "kicken.message", "pk": 67, "fields": {"chat": 185156335, "message_id": 1104, "date_created": "2019-10-10T00:47:23.194Z", "date_modified": "2019-10-10T00:47:23.194Z", "from_bot": false, "text": "#167 sicher\n\n\ud83d\udc4d0  |  \ud83e\udd140  |  \ud83d\udc4e0", "author_id": null}}, {"model": "kicken.message", "pk": 68, "fields": {"chat": 185156335, "message_id": 1112, "date_created": "2019-10-11T07:38:22.843Z", "date_modified": "2019-10-11T07:38:22.843Z", "from_bot": false, "text": "#168 hi\n\n\ud83d\udc4d0  |  \ud83e\udd140  |  \ud83d\udc4e0", "author_id": null}}, {"model": "kicken.message", "pk": 69, "fields": {"chat": 185156335, "message_id": 1114, "date_created": "2019-10-11T07:50:46.840Z", "date_modified": "2019-10-11T07:50:46.840Z", "from_bot": false, "text": "#169 affe\n\n\ud83d\udc4d0  |  \ud83e\udd140  |  \ud83d\udc4e0", "author_id": null}}, {"model": "kicken.message", "pk": 70, "fields": {"chat": 185156335, "message_id": 1132, "date_created": "2019-10-11T08:44:13.511Z", "date_modified": "2019-10-11T08:44:13.511Z", "from_bot": false, "text": "#170 sachen\n\n\ud83d\udc4d0  |  \ud83e\udd140  |  \ud83d\udc4e0", "author_id": null}}, {"model": "kicken.message", "pk": 71, "fields": {"chat": 185156335, "message_id": 1134, "date_created": "2019-10-11T08:44:17.586Z", "date_modified": "2019-10-11T08:44:17.586Z", "from_bot": false, "text": "#171 vfl\n\n\ud83d\udc4d0  |  \ud83e\udd140  |  \ud83d\udc4e0", "author_id": null}}, {"model": "kicken.message", "pk": 72, "fields": {"chat": 185156335, "message_id": 1137, "date_created": "2019-10-11T08:58:51.656Z", "date_modified": "2019-10-11T08:58:51.656Z", "from_bot": false, "text": "#172 sa\n\n\ud83d\udc4d0  |  \ud83e\udd140  |  \ud83d\udc4e0", "author_id": null}}, {"model": "kicken.message", "pk": 73, "fields": {"chat": 185156335, "message_id": 1138, "date_created": "2019-10-11T08:59:35.262Z", "date_modified": "2019-10-11T08:59:35.262Z", "from_bot": false, "text": "#173 aap\n\n\ud83d\udc4d0  |  \ud83e\udd140  |  \ud83d\udc4e0", "author_id": null}}, {"model": "kicken.message", "pk": 74, "fields": {"chat": 185156335, "message_id": 1141, "date_created": "2019-10-11T09:04:28.359Z", "date_modified": "2019-10-11T09:04:28.359Z", "from_bot": false, "text": "#174 krank\n\n\ud83d\udc4d0  |  \ud83e\udd140  |  \ud83d\udc4e0", "author_id": null}}, {"model": "kicken.message", "pk": 75, "fields": {"chat": 185156335, "message_id": 1143, "date_created": "2019-10-11T15:10:12.867Z", "date_modified": "2019-10-11T15:10:12.867Z", "from_bot": false, "text": "#175 morgen 16:00\n16:00 \n\n\ud83d\udc4d0  |  \ud83e\udd140  |  \ud83d\udc4e0", "author_id": null}}, {"model": "kicken.message", "pk": 76, "fields": {"chat": 185156335, "message_id": 1146, "date_created": "2019-10-11T15:10:49.744Z", "date_modified": "2019-10-11T15:10:49.744Z", "from_bot": false, "text": "#176 Montag 23.05. um 13:00 vfl\n23.05 13:00 \n\n\ud83d\udc4d0  |  \ud83e\udd140  |  \ud83d\udc4e0", "author_id": null}}, {"model": "kicken.message", "pk": 77, "fields": {"chat": 185156335, "message_id": 1151, "date_created": "2019-10-11T15:32:02.517Z", "date_modified": "2019-10-11T15:32:02.517Z", "from_bot": false, "text": "#179 at 17:00\n\ud83d\udd54 17:00 \n\n\ud83d\udc4d0  |  \ud83e\udd140  |  \ud83d\udc4e0", "author_id": null}}, {"model": "kicken.message", "pk": 78, "fields": {"chat": 185156335, "message_id": 1153, "date_created": "2019-10-11T15:32:10.599Z", "date_modified": "2019-10-11T15:32:10.599Z", "from_bot": false, "text": "#180 16:50\n\ud83d\udd54 16:50 \n\n\ud83d\udc4d0  |  \ud83e\udd140  |  \ud83d\udc4e0", "author_id": null}}, {"model": "kicken.message", "pk": 79, "fields": {"chat": 185156335, "message_id": 1156, "date_created": "2019-10-11T15:32:23.593Z", "date_modified": "2019-10-11T15:32:23.593Z", "from_bot": false, "text": "#181 18:30\n\ud83d\udd61 18:30 \n\n\ud83d\udc4d0  |  \ud83e\udd140  |  \ud83d\udc4e0", "author_id": null}}, {"model": "kicken.message", "pk": 80, "fields": {"chat": 185156335, "message_id": 1158, "date_created": "2019-10-11T15:32:29.225Z", "date_modified": "2019-10-11T15:32:29.225Z", "from_bot": false, "text": "#182 0:00\n\n\ud83d\udc4d0  |  \ud83e\udd140  |  \ud83d\udc4e0", "author_id": null}}, {"model": "kicken.message", "pk": 81, "fields": {"chat": 185156335, "message_id": 1160, "date_created": "2019-10-11T15:32:42.388Z", "date_modified": "2019-10-11T15:32:42.388Z", "from_bot": false, "text": "#183 00:00\n\ud83d\udd5b 00:00 \n\n\ud83d\udc4d0  |  \ud83e\udd140  |  \ud83d\udc4e0", "author_id": null}}, {"model": "kicken.message", "pk": 82, "fields": {"chat": 185156335, "message_id": 1162, "date_created": "2019-10-11T15:32:48.526Z", "date_modified": "2019-10-11T15:32:48.527Z", "from_bot": false, "text": "#184 1:30\n\ud83d\udd5c 01:30 \n\n\ud83d\udc4d0  |  \ud83e\udd140  |  \ud83d\udc4e0", "author_id": null}}, {"model": "kicken.message", "pk": 83, "fields": {"chat": 185156335, "message_id": 1164, "date_created": "2019-10-11T15:33:04.439Z", "date_modified": "2019-10-11T15:33:04.439Z", "from_bot": false, "text": "#185 12:30\n\ud83d\udd67 12:30 \n\n\ud83d\udc4d0  |  \ud83e\udd140  |  \ud83d\udc4e0", "author_id": null}}, {"model": "kicken.message", "pk": 84, "fields": {"chat": 185156335, "message_id": 1166, "date_created": "2019-10-11T15:33:15.997Z", "date_modified": "2019-10-11T15:33:15.997Z", "from_bot": false, "text": "#186 01:00\n\ud83d\udd50 01:00 \n\n\ud83d\udc4d0  |  \ud83e\udd140  |  \ud83d\udc4e0", "author_id": null}}, {"model": "kicken.message", "pk": 85, "fields": {"chat": 185156335, "message_id": 1168, "date_created": "2019-10-11T15:33:27.215Z", "date_modified": "2019-10-11T15:33:27.215Z", "from_bot": false, "text": "#187 14:10\n\ud83d\udd51 14:10 \n\n\ud83d\udc4d0  |  \ud83e\udd140  |  \ud83d\udc4e0", "author_id": null}}, {"model": "kicken.message", "pk": 86, "fields": {"chat": 185156335, "message_id": 1170, "date_created": "2019-10-11T15:33:48.486Z", "date_modified": "2019-10-11T15:33:48.486Z", "from_bot": false, "text": "#188 01:30\n\ud83d\udd5c 01:30 \n\n\ud83d\udc4d0  |  \ud83e\udd140  |  \ud83d\udc4e0", "author_id": null}}, {"model": "kicken.message", "pk": 87, "fields": {"chat": 185156335, "message_id": 1172, "date_created": "2019-10-11T15:33:54.328Z", "date_modified": "2019-10-11T15:33:54.328Z", "from_bot": false, "text": "#189 14:20\n\ud83d\udd5d 14:20 \n\n\ud83d\udc4d0  |  \ud83e\udd140  |  \ud83d\udc4e0", "author_id": null}}, {"model": "kicken.message", "pk": 88, "fields": {"chat": 185156335, "message_id": 1174, "date_created": "2019-10-11T15:34:00.326Z", "date_modified": "2019-10-11T15:34:00.326Z", "from_bot": false, "text": "#190 14:50\n\ud83d\udd52 14:50 \n\n\ud83d\udc4d0  |  \ud83e\udd140  |  \ud83d\udc4e0", "author_id": null}}, {"model": "kicken.message", "pk": 89, "fields": {"chat": 185156335, "message_id": 1176, "date_created": "2019-10-11T15:34:05.048Z", "date_modified": "2019-10-11T15:34:05.048Z", "from_bot": false, "text": "#191 15:10\n\ud83d\udd52 15:10 \n\n\ud83d\udc4d0  |  \ud83e\udd140  |  \ud83d\udc4e0", "author_id": null}}, {"model": "kicken.message", "pk": 90, "fields": {"chat": 185156335, "message_id": 1178, "date_created": "2019-10-11T15:34:14.569Z", "date_modified": "2019-10-11T15:34:14.569Z", "from_bot": false, "text": "#192 15:45\n\ud83d\udd53 15:45 \n\n\ud83d\udc4d0  |  \ud83e\udd140  |  \ud83d\udc4e0", "author_id": null}}, {"model": "kicken.message", "pk": 91, "fields": {"chat": 185156335, "message_id": 1180, "date_created": "2019-10-11T15:34:26.128Z", "date_modified": "2019-10-11T15:34:26.128Z", "from_bot": false, "text": "#193 15:40\n\ud83d\udd5e 15:40 \n\n\ud83d\udc4d0  |  \ud83e\udd140  |  \ud83d\udc4e0", "author_id": null}}, {"model": "kicken.message", "pk": 92, "fields": {"chat": 185156335, "message_id": 1182, "date_created": "2019-10-11T15:34:33.755Z", "date_modified": "2019-10-11T15:34:33.755Z", "from_bot": false, "text": "#194 16:25\n\ud83d\udd5f 16:25 \n\n\ud83d\udc4d0  |  \ud83e\udd140  |  \ud83d\udc4e0", "author_id": null}}, {"model": "kicken.message", "pk": 93, "fields": {"chat": 185156335, "message_id": 1184, "date_created": "2019-10-11T15:34:39.235Z", "date_modified": "2019-10-11T15:34:39.235Z", "from_bot": false, "text": "#195 17:00\n\ud83d\udd54 17:00 \n\n\ud83d\udc4d0  |  \ud83e\udd140  |  \ud83d\udc4e0", "author_id": null}}, {"model": "kicken.message", "pk": 94, "fields": {"chat": 185156335, "message_id": 1186, "date_created": "2019-10-11T15:34:45.825Z", "date_modified": "2019-10-11T15:34:45.825Z", "from_bot": false, "text": "#196 17:30\n\ud83d\udd60 17:30 \n\n\ud83d\udc4d0  |  \ud83e\udd140  |  \ud83d\udc4e0", "author_id": null}}, {"model": "kicken.message", "pk": 95, "fields": {"chat": 185156335, "message_id": 1188, "date_created": "2019-10-11T15:34:50.687Z", "date_modified": "2019-10-11T15:34:50.687Z", "from_bot": false, "text": "#197 18:00\n\ud83d\udd55 18:00 \n\n\ud83d\udc4d0  |  \ud83e\udd140  |  \ud83d\udc4e0", "author_id": null}}, {"model": "kicken.message", "pk": 96, "fields": {"chat": 185156335, "message_id": 1190, "date_created": "2019-10-11T15:34:55.014Z", "date_modified": "2019-10-11T15:34:55.014Z", "from_bot": false, "text": "#198 19:00\n\ud83d\udd56 19:00 \n\n\ud83d\udc4d0  |  \ud83e\udd140  |  \ud83d\udc4e0", "author_id": null}}, {"model": "kicken.message", "pk": 97, "fields": {"chat": 185156335, "message_id": 1192, "date_created": "2019-10-11T15:35:00.391Z", "date_modified": "2019-10-11T15:35:00.392Z", "from_bot": false, "text": "#199 18:30\n\ud83d\udd61 18:30 \n\n\ud83d\udc4d0  |  \ud83e\udd140  |  \ud83d\udc4e0", "author_id": null}}, {"model": "kicken.message", "pk": 98, "fields": {"chat": 185156335, "message_id": 1194, "date_created": "2019-10-11T15:35:05.243Z", "date_modified": "2019-10-11T15:35:05.243Z", "from_bot": false, "text": "#200 19:30\n\ud83d\udd62 19:30 \n\n\ud83d\udc4d0  |  \ud83e\udd140  |  \ud83d\udc4e0", "author_id": null}}, {"model": "kicken.message", "pk": 99, "fields": {"chat": 185156335, "message_id": 1196, "date_created": "2019-10-11T15:35:10.137Z", "date_modified": "2019-10-11T15:35:10.137Z", "from_bot": false, "text": "#201 20:00\n\ud83d\udd57 20:00 \n\n\ud83d\udc4d0  |  \ud83e\udd140  |  \ud83d\udc4e0", "author_id": null}}, {"model": "kicken.message", "pk": 100, "fields": {"chat": 185156335, "message_id": 1198, "date_created": "2019-10-11T15:35:13.440Z", "date_modified": "2019-10-11T15:35:13.440Z", "from_bot": false, "text": "#202 20:30\n\ud83d\udd63 20:30 \n\n\ud83d\udc4d0  |  \ud83e\udd140  |  \ud83d\udc4e0", "author_id": null}}, {"model": "kicken.message", "pk": 101, "fields": {"chat": -1001422263560, "message_id": 227, "date_created": "2019-10-21T09:03:26.340Z", "date_modified": "2019-10-21T09:03:26.340Z", "from_bot": false, "text": "#203 Sonni Werder\n\n\ud83d\udc4d0  |  \ud83e\udd140  |  \ud83d\udc4e0", "author_id": null}}, {"model": "kicken.message", "pk": 102, "fields": {"chat": 185156335, "message_id": 1201, "date_created": "2019-10-21T15:40:56.139Z", "date_modified": "2019-10-21T15:40:56.139Z", "from_bot": false, "text": "#204 test\n\n\ud83d\udc4d0  |  \ud83e\udd140  |  \ud83d\udc4e0", "author_id": null}}, {"model": "kicken.message", "pk": 103, "fields": {"chat": 185156335, "message_id": 1207, "date_created": "2019-10-21T15:52:56.727Z", "date_modified": "2019-10-21T15:52:56.727Z", "from_bot": false, "text": "#204 test2\n\n\ud83d\udc4d0  |  \ud83e\udd140  |  \ud83d\udc4e0", "author_id": null}}, {"model": "kicken.message", "pk": 104, "fields": {"chat": 185156335, "message_id": 1221, "date_created": "2019-10-21T16:43:08.893Z", "date_modified": "2019-10-21T16:43:08.893Z", "from_bot": false, "text": "#205 lox\n\n\ud83d\udc4d0  |  \ud83e\udd140  |  \ud83d\udc4e0", "author_id": null}}, {"model": "kicken.message", "pk": 105, "fields": {"chat": 185156335, "message_id": 1225, "date_created": "2019-10-21T16:51:35.922Z", "date_modified": "2019-10-21T16:51:35.922Z", "from_bot": false, "text": "#205 lox\n\ud83d\udd50 13:00 \n\n\ud83d\udc4d0  |  \ud83e\udd140  |  \ud83d\udc4e0", "author_id": null}}, {"model": "kicken.message", "pk": 106, "fields": {"chat": 185156335, "message_id": 1227, "date_created": "2019-10-21T16:51:49.119Z", "date_modified": "2019-10-21T16:51:49.119Z", "from_bot": false, "text": "#205 lox\n\ud83d\udd50 13:00 \n\n\ud83d\udc4d0  |  \ud83e\udd140  |  \ud83d\udc4e0", "author_id": null}}, {"model": "kicken.message", "pk": 107, "fields": {"chat": -1001422263560, "message_id": 234, "date_created": "2019-10-21T16:52:14.048Z", "date_modified": "2019-10-21T16:52:14.048Z", "from_bot": false, "text": "#206 Sonntag 13:00\n\ud83d\udd50 13:00 \n\n\ud83d\udc4d0  |  \ud83e\udd140  |  \ud83d\udc4e0", "author_id": null}}, {"model": "kicken.message", "pk": 108, "fields": {"chat": -1001422263560, "message_id": 239, "date_created": "2019-10-21T16:59:24.693Z", "date_modified": "2019-10-21T16:59:24.693Z", "from_bot": false, "text": "#206 Sonntag 13:00\n\ud83d\udd50 13:00 \n\n\ud83d\udc4d0  |  \ud83e\udd140  |  \ud83d\udc4e0", "author_id": null}}, {"model": "kicken.message", "pk": 109, "fields": {"chat": -1001422263560, "message_id": 242, "date_created": "2019-10-21T16:59:34.503Z", "date_modified": "2019-10-21T16:59:34.504Z", "from_bot": false, "text": "#206 Sonntag 13:00\n\ud83d\udd5c 13:40 \n\n\ud83d\udc4d0  |  \ud83e\udd140  |  \ud83d\udc4e0", "author_id": null}}, {"model": "kicken.message", "pk": 110, "fields": {"chat": 185156335, "message_id": 1229, "date_created": "2019-10-21T17:32:22.115Z", "date_modified": "2019-10-21T17:32:22.116Z", "from_bot": false, "text": "#207 test\n\n\ud83d\udc4d0  |  \ud83e\udd140  |  \ud83d\udc4e0", "author_id": null}}, {"model": "kicken.message", "pk": 111, "fields": {"chat": 185156335, "message_id": 1231, "date_created": "2019-10-21T17:34:43.328Z", "date_modified": "2019-10-21T17:34:43.328Z", "from_bot": false, "text": "#208 test\n\n\ud83d\udc4d0  |  \ud83e\udd140  |  \ud83d\udc4e0", "author_id": null}}, {"model": "kicken.message", "pk": 112, "fields": {"chat": 185156335, "message_id": 1232, "date_created": "2019-10-21T17:39:32.375Z", "date_modified": "2019-10-21T17:39:32.375Z", "from_bot": false, "text": "#208 test\n\n\ud83d\udc4d0  |  \ud83e\udd140  |  \ud83d\udc4e0", "author_id": null}}, {"model": "kicken.message", "pk": 113, "fields": {"chat": 185156335, "message_id": 1233, "date_created": "2019-10-21T17:39:48.712Z", "date_modified": "2019-10-21T17:39:48.712Z", "from_bot": false, "text": "#208 test\n\n \u25ab\ufe0f Lukas\n\n\ud83d\udc4d1  |  \ud83e\udd140  |  \ud83d\udc4e0", "author_id": null}}, {"model": "kicken.message", "pk": 114, "fields": {"chat": 185156335, "message_id": 1235, "date_created": "2019-10-21T17:41:34.477Z", "date_modified": "2019-10-21T17:41:34.477Z", "from_bot": false, "text": "#209 saa\n\n\ud83d\udc4d0  |  \ud83e\udd140  |  \ud83d\udc4e0", "author_id": null}}, {"model": "kicken.message", "pk": 115, "fields": {"chat": 185156335, "message_id": 1237, "date_created": "2019-10-21T17:41:58.775Z", "date_modified": "2019-10-21T17:41:58.775Z", "from_bot": false, "text": "#209 saa\n\ud83d\udd50 13:00 \n\n\ud83d\udc4d0  |  \ud83e\udd140  |  \ud83d\udc4e1", "author_id": null}}, {"model": "kicken.message", "pk": 116, "fields": {"chat": -1001422263560, "message_id": 246, "date_created": "2019-10-21T17:42:38.507Z", "date_modified": "2019-10-21T17:42:38.507Z", "from_bot": false, "text": "#210 13:23 Werder\n\ud83d\udd5c 13:23 \n\n\ud83d\udc4d0  |  \ud83e\udd140  |  \ud83d\udc4e0", "author_id": null}}, {"model": "kicken.message", "pk": 117, "fields": {"chat": -1001422263560, "message_id": 248, "date_created": "2019-10-21T17:46:59.825Z", "date_modified": "2019-10-21T17:46:59.825Z", "from_bot": false, "text": "#211 sachen\n\n\ud83d\udc4d0  |  \ud83e\udd140  |  \ud83d\udc4e0", "author_id": null}}, {"model": "kicken.message", "pk": 118, "fields": {"chat": -1001422263560, "message_id": 250, "date_created": "2019-10-21T17:47:15.945Z", "date_modified": "2019-10-21T17:47:15.945Z", "from_bot": false, "text": "#211 sachen\n\ud83d\udd5c 13:23 \n\n\ud83d\udc4d0  |  \ud83e\udd141  |  \ud83d\udc4e0", "author_id": null}}, {"model": "kicken.message", "pk": 119, "fields": {"chat": -1001422263560, "message_id": 253, "date_created": "2019-10-21T17:48:23.561Z", "date_modified": "2019-10-21T17:48:23.562Z", "from_bot": false, "text": "#212 morgen\n\n\ud83d\udc4d0  |  \ud83e\udd140  |  \ud83d\udc4e0", "author_id": null}}, {"model": "kicken.message", "pk": 120, "fields": {"chat": -1001422263560, "message_id": 255, "date_created": "2019-10-21T17:48:30.329Z", "date_modified": "2019-10-21T17:48:30.329Z", "from_bot": false, "text": "#212 morgen\n\ud83d\udd51 13:55 \n\n\ud83d\udc4d0  |  \ud83e\udd140  |  \ud83d\udc4e0", "author_id": null}}, {"model": "kicken.message", "pk": 121, "fields": {"chat": -1001422263560, "message_id": 257, "date_created": "2019-10-21T17:48:42.953Z", "date_modified": "2019-10-21T17:48:42.953Z", "from_bot": false, "text": "#212 morgen\n\ud83d\udd51 13:55 \n\n\ud83d\udc4d0  |  \ud83e\udd140  |  \ud83d\udc4e0", "author_id": null}}, {"model": "kicken.message", "pk": 122, "fields": {"chat": -1001422263560, "message_id": 260, "date_created": "2019-10-21T18:06:53.638Z", "date_modified": "2019-10-21T18:06:53.638Z", "from_bot": false, "text": "#213 mitbringen?\n\n\ud83d\udc4d0  |  \ud83e\udd140  |  \ud83d\udc4e0", "author_id": null}}, {"model": "kicken.message", "pk": 123, "fields": {"chat": -1001422263560, "message_id": 262, "date_created": "2019-10-21T18:08:38.066Z", "date_modified": "2019-10-21T18:08:38.066Z", "from_bot": false, "text": "#214 ncohein\n\n\ud83d\udc4d0  |  \ud83e\udd140  |  \ud83d\udc4e0", "author_id": null}}, {"model": "kicken.message", "pk": 124, "fields": {"chat": -1001422263560, "message_id": 266, "date_created": "2019-10-21T18:10:23.411Z", "date_modified": "2019-10-21T18:10:23.411Z", "from_bot": false, "text": "#215 extra f\u00fcr paul\n\n\ud83d\udc4d0  |  \ud83e\udd140  |  \ud83d\udc4e0", "author_id": null}}, {"model": "kicken.message", "pk": 125, "fields": {"chat": 185156335, "message_id": 1241, "date_created": "2019-10-21T18:17:34.552Z", "date_modified": "2019-10-21T18:17:34.552Z", "from_bot": false, "text": "#216 christiane macht pipi\n\n\ud83d\udc4d0  |  \ud83e\udd140  |  \ud83d\udc4e0", "author_id": null}}, {"model": "kicken.message", "pk": 126, "fields": {"chat": 185156335, "message_id": 1242, "date_created": "2019-10-21T18:18:21.232Z", "date_modified": "2019-10-21T18:18:21.232Z", "from_bot": false, "text": "#216 christiane macht pipi\n\n\ud83d\udc4d0  |  \ud83e\udd141  |  \ud83d\udc4e0", "author_id": null}}, {"model": "kicken.message", "pk": 127, "fields": {"chat": 185156335, "message_id": 1243, "date_created": "2019-10-21T18:18:48.621Z", "date_modified": "2019-10-21T18:18:48.621Z", "from_bot": false, "text": "#216 christiane macht pipi\n\n \u25ab\ufe0f Lukas + 3\n\n\ud83d\udc4d4  |  \ud83e\udd140  |  \ud83d\udc4e0", "author_id": null}}, {"model": "kicken.message", "pk": 128, "fields": {"chat": 185156335, "message_id": 1244, "date_created": "2019-10-21T18:18:55.768Z", "date_modified": "2019-10-21T18:18:55.768Z", "from_bot": false, "text": "#216 christiane macht pipi\n\n \u25ab\ufe0f Lukas + 3\n\n\ud83d\udc4d4  |  \ud83e\udd140  |  \ud83d\udc4e0", "author_id": null}}, {"model": "kicken.message", "pk": 129, "fields": {"chat": 185156335, "message_id": 1246, "date_created": "2019-10-21T18:19:22.260Z", "date_modified": "2019-10-21T18:19:22.260Z", "from_bot": false, "text": "#216 christiane macht pipi\n\ud83d\udd52 15:00 \n\n \u25ab\ufe0f Lukas + 3\n\n\ud83d\udc4d4  |  \ud83e\udd140  |  \ud83d\udc4e0", "author_id": null}}, {"model": "kicken.message", "pk": 130, "fields": {"chat": 185156335, "message_id": 1249, "date_created": "2019-10-21T18:29:21.335Z", "date_modified": "2019-10-21T18:29:21.335Z", "from_bot": false, "text": "#217 tt\n\n\ud83d\udc4d0  |  \ud83e\udd140  |  \ud83d\udc4e0", "author_id": null}}, {"model": "kicken.message", "pk": 131, "fields": {"chat": 185156335, "message_id": 1251, "date_created": "2019-10-21T18:35:57.825Z", "date_modified": "2019-10-21T18:35:57.825Z", "from_bot": false, "text": "#218 Nein\n\n\ud83d\udc4d0  |  \ud83e\udd140  |  \ud83d\udc4e0", "author_id": null}}, {"model": "kicken.message", "pk": 132, "fields": {"chat": -1001422263560, "message_id": 274, "date_created": "2019-10-21T18:54:04.795Z", "date_modified": "2019-10-21T18:54:04.795Z", "from_bot": false, "text": "#219 13.12. 13:00\n\ud83d\uddd3 13.12 \ud83d\udd50 13:00 \n\n\ud83d\udc4d0  |  \ud83e\udd140  |  \ud83d\udc4e0", "author_id": null}}, {"model": "kicken.message", "pk": 133, "fields": {"chat": -1001422263560, "message_id": 277, "date_created": "2019-10-21T18:58:17.814Z", "date_modified": "2019-10-21T18:58:17.815Z", "from_bot": false, "text": "#220 sa\n\n\ud83d\udc4d0  |  \ud83e\udd140  |  \ud83d\udc4e0", "author_id": null}}, {"model": "kicken.message", "pk": 134, "fields": {"chat": -1001422263560, "message_id": 282, "date_created": "2019-10-21T19:04:24.864Z", "date_modified": "2019-10-21T19:04:24.864Z", "from_bot": false, "text": "#221 morgen\n\n\ud83d\udc4d0  |  \ud83e\udd140  |  \ud83d\udc4e0", "author_id": null}}, {"model": "kicken.message", "pk": 135, "fields": {"chat": -1001422263560, "message_id": 284, "date_created": "2019-10-21T19:04:38.554Z", "date_modified": "2019-10-21T19:04:38.554Z", "from_bot": false, "text": "#221 morgen\n\ud83d\uddd3 13.02 \n\n\ud83d\udc4d0  |  \ud83e\udd140  |  \ud83d\udc4e0", "author_id": null}}, {"model": "kicken.message", "pk": 136, "fields": {"chat": -1001422263560, "message_id": 287, "date_created": "2019-10-21T19:05:15.504Z", "date_modified": "2019-10-21T19:05:15.504Z", "from_bot": false, "text": "#221 morgen\n\ud83d\uddd3 13.02 \ud83d\udd5b 12:00 \n\n\ud83d\udc4d0  |  \ud83e\udd140  |  \ud83d\udc4e0", "author_id": null}}, {"model": "kicken.message", "pk": 137, "fields": {"chat": -1001422263560, "message_id": 292, "date_created": "2019-10-21T19:14:59.414Z", "date_modified": "2019-10-21T19:14:59.414Z", "from_bot": false, "text": "#222 Ein test\n\n\ud83d\udc4d0  |  \ud83e\udd140  |  \ud83d\udc4e0", "author_id": null}}, {"model": "kicken.message", "pk": 138, "fields": {"chat": -1001422263560, "message_id": 294, "date_created": "2019-10-21T19:19:04.054Z", "date_modified": "2019-10-21T19:19:04.054Z", "from_bot": false, "text": "#222 Ein test\n\ud83d\udd50 13:00 \n\n \u25ab\ufe0f Lukas +2\n\n\ud83d\udc4d3  |  \ud83e\udd140  |  \ud83d\udc4e1", "author_id": null}}, {"model": "kicken.message", "pk": 139, "fields": {"chat": -1001422263560, "message_id": 299, "date_created": "2019-10-21T19:43:15.662Z", "date_modified": "2019-10-21T19:43:15.662Z", "from_bot": false, "text": "#223 test\n\n\ud83d\udc4d0  |  \ud83e\udd140  |  \ud83d\udc4e0", "author_id": null}}, {"model": "kicken.message", "pk": 140, "fields": {"chat": -1001422263560, "message_id": 301, "date_created": "2019-10-21T19:57:05.885Z", "date_modified": "2019-10-21T19:57:05.885Z", "from_bot": false, "text": "#224 angepinnt?\n\n\ud83d\udc4d0  |  \ud83e\udd140  |  \ud83d\udc4e0", "author_id": null}}, {"model": "kicken.message", "pk": 141, "fields": {"chat": -1001422263560, "message_id": 303, "date_created": "2019-10-21T19:59:32.047Z", "date_modified": "2019-10-21T19:59:32.047Z", "from_bot": false, "text": "#225 Dienstag 12:35 mit pin\n\ud83d\udd67 12:35 \n\n\ud83d\udc4d0  |  \ud83e\udd140  |  \ud83d\udc4e0", "author_id": null}}, {"model": "kicken.message", "pk": 142, "fields": {"chat": -1001422263560, "message_id": 305, "date_created": "2019-10-21T20:00:06.145Z", "date_modified": "2019-10-21T20:00:06.145Z", "from_bot": false, "text": "#226 MIT PIN!\n\n\ud83d\udc4d0  |  \ud83e\udd140  |  \ud83d\udc4e0", "author_id": null}}, {"model": "kicken.message", "pk": 143, "fields": {"chat": -1001422263560, "message_id": 324, "date_created": "2019-10-21T20:18:30.441Z", "date_modified": "2019-10-21T20:18:30.441Z", "from_bot": false, "text": "#227 PINTEST\n\n\ud83d\udc4d0  |  \ud83e\udd140  |  \ud83d\udc4e0", "author_id": null}}, {"model": "kicken.message", "pk": 144, "fields": {"chat": -1001422263560, "message_id": 327, "date_created": "2019-10-21T20:19:24.923Z", "date_modified": "2019-10-21T20:19:24.923Z", "from_bot": false, "text": "#228 pintest\n\n\ud83d\udc4d0  |  \ud83e\udd140  |  \ud83d\udc4e0", "author_id": null}}, {"model": "kicken.message", "pk": 145, "fields": {"chat": -1001422263560, "message_id": 356, "date_created": "2019-10-21T21:12:58.083Z", "date_modified": "2019-10-21T21:12:58.083Z", "from_bot": false, "text": "#229 test\n\n\ud83d\udc4d0  |  \ud83e\udd140  |  \ud83d\udc4e0", "author_id": null}}, {"model": "kicken.message", "pk": 146, "fields": {"chat": -1001422263560, "message_id": 371, "date_created": "2019-10-21T21:15:10.744Z", "date_modified": "2019-10-21T21:15:10.744Z", "from_bot": false, "text": "#230 test 2\n\n\ud83d\udc4d0  |  \ud83e\udd140  |  \ud83d\udc4e0", "author_id": null}}, {"model": "kicken.message", "pk": 147, "fields": {"chat": -1001422263560, "message_id": 425, "date_created": "2019-10-21T21:55:17.664Z", "date_modified": "2019-10-21T21:55:17.664Z", "from_bot": false, "text": "#231 Mit Uhrzeit 14:00\n\ud83d\udd51 14:00 \n\n\ud83d\udc4d0  |  \ud83e\udd140  |  \ud83d\udc4e0", "author_id": null}}, {"model": "kicken.message", "pk": 148, "fields": {"chat": -1001422263560, "message_id": 428, "date_created": "2019-10-21T21:55:34.407Z", "date_modified": "2019-10-21T21:55:34.407Z", "from_bot": false, "text": "#231 Mit Uhrzeit 14:00\n\ud83d\uddd3 23.07 \ud83d\udd51 14:00 \n\n\ud83d\udc4d0  |  \ud83e\udd140  |  \ud83d\udc4e0", "author_id": null}}, {"model": "kicken.message", "pk": 149, "fields": {"chat": -1001422263560, "message_id": 458, "date_created": "2019-10-21T22:18:30.886Z", "date_modified": "2019-10-21T22:18:30.886Z", "from_bot": false, "text": "#232 test5\n\n\ud83d\udc4d0  |  \ud83e\udd140  |  \ud83d\udc4e0", "author_id": null}}, {"model": "kicken.message", "pk": 150, "fields": {"chat": -1001422263560, "message_id": 472, "date_created": "2019-10-21T22:21:52.509Z", "date_modified": "2019-10-21T22:21:52.509Z", "from_bot": false, "text": "#232 penis\n\n\ud83d\udc4d0  |  \ud83e\udd140  |  \ud83d\udc4e0", "author_id": null}}, {"model": "kicken.message", "pk": 151, "fields": {"chat": -1001422263560, "message_id": 485, "date_created": "2019-10-21T22:28:47.351Z", "date_modified": "2019-10-21T22:28:47.351Z", "from_bot": false, "text": "#232 PIMMEL NEU\n\n\ud83d\udc4d0  |  \ud83e\udd140  |  \ud83d\udc4e0", "author_id": null}}, {"model": "kicken.message", "pk": 152, "fields": {"chat": 185156335, "message_id": 1253, "date_created": "2019-10-21T23:06:32.562Z", "date_modified": "2019-10-21T23:06:32.563Z", "from_bot": false, "text": "#233 test\n\n\ud83d\udc4d0  |  \ud83e\udd140  |  \ud83d\udc4e0", "author_id": null}}, {"model": "kicken.message", "pk": 153, "fields": {"chat": 185156335, "message_id": 3986, "date_created": "2019-10-21T23:13:08.604Z", "date_modified": "2019-10-21T23:13:08.604Z", "from_bot": false, "text": "#234 test\n\n\ud83d\udc4d0  |  \ud83e\udd140  |  \ud83d\udc4e0", "author_id": null}}, {"model": "kicken.message", "pk": 154, "fields": {"chat": -1001326040318, "message_id": 2226, "date_created": "2019-10-21T23:15:49.766Z", "date_modified": "2019-10-21T23:15:49.766Z", "from_bot": false, "text": "#235 Sonntag wieder Indoor\n\n\ud83d\udc4d0  |  \ud83e\udd140  |  \ud83d\udc4e0", "author_id": null}}, {"model": "kicken.message", "pk": 155, "fields": {"chat": -1001326040318, "message_id": 2229, "date_created": "2019-10-21T23:16:07.924Z", "date_modified": "2019-10-21T23:16:07.924Z", "from_bot": false, "text": "#235 Sonntag wieder Indoor\n\ud83d\udd53 16:00 \n\n \u25ab\ufe0f Lukas\n\n\ud83d\udc4d1  |  \ud83e\udd140  |  \ud83d\udc4e0", "author_id": null}}, {"model": "kicken.message", "pk": 156, "fields": {"chat": -1001326040318, "message_id": 2232, "date_created": "2019-10-21T23:16:45.703Z", "date_modified": "2019-10-21T23:16:45.703Z", "from_bot": false, "text": "#235 Sonntag wieder Indoor\n\ud83d\uddd3 27.10 \ud83d\udd53 16:00 \n\n \u25ab\ufe0f Lukas\n \u25ab\ufe0f Ruben\n\n\ud83d\udc4d2  |  \ud83e\udd140  |  \ud83d\udc4e0", "author_id": null}}, {"model": "kicken.message", "pk": 157, "fields": {"chat": -1001326040318, "message_id": 2234, "date_created": "2019-10-22T04:09:28.301Z", "date_modified": "2019-10-22T04:09:28.301Z", "from_bot": false, "text": "#235 Sonntag wieder Indoor\n\ud83d\uddd3 27.10 \ud83d\udd53 16:00 \n\n \u25ab\ufe0f Lukas\n \u25ab\ufe0f Ruben\n\n\ud83d\udc4d2  |  \ud83e\udd140  |  \ud83d\udc4e1", "author_id": null}}, {"model": "kicken.message", "pk": 158, "fields": {"chat": -1001326040318, "message_id": 2236, "date_created": "2019-10-22T05:43:15.499Z", "date_modified": "2019-10-22T05:43:15.499Z", "from_bot": false, "text": "#235 Sonntag wieder Indoor\n\ud83d\uddd3 27.10 \ud83d\udd53 16:00 \n\n \u25ab\ufe0f Lukas\n \u25ab\ufe0f Ruben\n\n\ud83d\udc4d2  |  \ud83e\udd140  |  \ud83d\udc4e2", "author_id": null}}, {"model": "kicken.message", "pk": 159, "fields": {"chat": -1001326040318, "message_id": 2238, "date_created": "2019-10-22T06:57:53.442Z", "date_modified": "2019-10-22T06:57:53.442Z", "from_bot": false, "text": "#235 Sonntag wieder Indoor\n\ud83d\uddd3 27.10 \ud83d\udd53 16:00 \n\n \u25ab\ufe0f Lukas\n \u25ab\ufe0f Ruben\n\n\ud83d\udc4d2  |  \ud83e\udd141  |  \ud83d\udc4e2", "author_id": null}}, {"model": "kicken.message", "pk": 160, "fields": {"chat": -1001326040318, "message_id": 2243, "date_created": "2019-10-23T19:47:13.039Z", "date_modified": "2019-10-23T19:47:13.039Z", "from_bot": false, "text": "#235 Sonntag wieder Indoor\n\ud83d\uddd3 27.10 \ud83d\udd53 16:00 \n\n \u25ab\ufe0f Lukas\n \u25ab\ufe0f Ruben\n \u25ab\ufe0f Andreas +3\n \u25ab\ufe0f Lassen\n\n\ud83d\udc4d7  |  \ud83e\udd142  |  \ud83d\udc4e3", "author_id": null}}, {"model": "kicken.message", "pk": 161, "fields": {"chat": -1001326040318, "message_id": 2245, "date_created": "2019-10-24T15:03:07.104Z", "date_modified": "2019-10-24T15:03:07.104Z", "from_bot": false, "text": "#235 Sonntag wieder Indoor\n\ud83d\uddd3 27.10 \ud83d\udd53 16:00 \n\n \u25ab\ufe0f Ruben\n \u25ab\ufe0f Andreas +4\n \u25ab\ufe0f Lassen +2\n \u25ab\ufe0f Marlon\n\n\ud83d\udc4d10  |  \ud83e\udd143  |  \ud83d\udc4e3", "author_id": null}}, {"model": "kicken.message", "pk": 162, "fields": {"chat": -1001326040318, "message_id": 2247, "date_created": "2019-10-24T15:03:19.066Z", "date_modified": "2019-10-24T15:03:19.066Z", "from_bot": false, "text": "#235 Sonntag wieder Indoor\n\ud83d\uddd3 27.10 \ud83d\udd53 16:00 \n\n \u25ab\ufe0f Ruben\n \u25ab\ufe0f Andreas +4\n \u25ab\ufe0f Lassen +2\n \u25ab\ufe0f Marlon\n\n\ud83d\udc4d10  |  \ud83e\udd143  |  \ud83d\udc4e3", "author_id": null}}, {"model": "kicken.message", "pk": 163, "fields": {"chat": -1001326040318, "message_id": 2251, "date_created": "2019-10-26T16:14:59.751Z", "date_modified": "2019-10-26T16:14:59.751Z", "from_bot": false, "text": "#235 Sonntag wieder Indoor\n\ud83d\uddd3 27.10 \ud83d\udd53 16:00 \n\n \u25ab\ufe0f Ruben\n \u25ab\ufe0f Sarah\n \u25ab\ufe0f Andreas +4\n \u25ab\ufe0f Lassen +2\n \u25ab\ufe0f Marlon +2\n \u25ab\ufe0f Tim\n \u25ab\ufe0f Jihed\n\n\ud83d\udc4d15  |  \ud83e\udd142  |  \ud83d\udc4e3", "author_id": null}}, {"model": "kicken.message", "pk": 164, "fields": {"chat": -1001326040318, "message_id": 2259, "date_created": "2019-10-28T14:01:18.774Z", "date_modified": "2019-10-28T14:01:18.774Z", "from_bot": false, "text": "#236 Immer wieder Sonntags\n\n\ud83d\udc4d0  |  \ud83e\udd140  |  \ud83d\udc4e0", "author_id": null}}, {"model": "kicken.message", "pk": 165, "fields": {"chat": -1001326040318, "message_id": 2262, "date_created": "2019-10-28T14:01:33.142Z", "date_modified": "2019-10-28T14:01:33.142Z", "from_bot": false, "text": "#236 Immer wieder Sonntags\n\ud83d\udd53 16:00 \n\n \u25ab\ufe0f Lukas\n\n\ud83d\udc4d1  |  \ud83e\udd140  |  \ud83d\udc4e0", "author_id": null}}, {"model": "kicken.message", "pk": 166, "fields": {"chat": -1001326040318, "message_id": 2265, "date_created": "2019-10-28T14:01:54.823Z", "date_modified": "2019-10-28T14:01:54.823Z", "from_bot": false, "text": "#236 Immer wieder Sonntags\n\ud83d\uddd3 03.11 \ud83d\udd53 16:00 \n\n \u25ab\ufe0f Lukas\n\n\ud83d\udc4d1  |  \ud83e\udd140  |  \ud83d\udc4e0", "author_id": null}}, {"model": "kicken.message", "pk": 167, "fields": {"chat": -1001326040318, "message_id": 2267, "date_created": "2019-10-29T07:37:56.689Z", "date_modified": "2019-10-29T07:37:56.690Z", "from_bot": false, "text": "#236 Immer wieder Sonntags\n\ud83d\uddd3 03.11 \ud83d\udd53 16:00 \n\n \u25ab\ufe0f Lukas\n \u25ab\ufe0f Andreas\n\n\ud83d\udc4d2  |  \ud83e\udd140  |  \ud83d\udc4e2", "author_id": null}}, {"model": "kicken.message", "pk": 168, "fields": {"chat": -1001326040318, "message_id": 2269, "date_created": "2019-10-29T09:36:09.106Z", "date_modified": "2019-10-29T09:36:09.106Z", "from_bot": false, "text": "#236 Immer wieder Sonntags\n\ud83d\uddd3 03.11 \ud83d\udd53 16:00 \n\n \u25ab\ufe0f Lukas\n \u25ab\ufe0f Andreas\n\n\ud83d\udc4d2  |  \ud83e\udd140  |  \ud83d\udc4e2", "author_id": null}}, {"model": "kicken.message", "pk": 169, "fields": {"chat": -1001326040318, "message_id": 2271, "date_created": "2019-10-29T09:37:06.785Z", "date_modified": "2019-10-29T09:37:06.785Z", "from_bot": false, "text": "#236 Immer wieder Sonntags\n\ud83d\uddd3 03.11 \ud83d\udd53 16:00 \n\n \u25ab\ufe0f Lukas\n \u25ab\ufe0f Andreas\n\n\ud83d\udc4d2  |  \ud83e\udd140  |  \ud83d\udc4e3", "author_id": null}}, {"model": "kicken.message", "pk": 170, "fields": {"chat": -1001326040318, "message_id": 2279, "date_created": "2019-11-01T14:33:50.851Z", "date_modified": "2019-11-01T14:33:50.851Z", "from_bot": false, "text": "#236 Immer wieder Sonntags\n\ud83d\uddd3 03.11 \ud83d\udd53 16:00 \n\n \u25ab\ufe0f Lukas\n \u25ab\ufe0f Andreas +1\n \u25ab\ufe0f Tim\n\n\ud83d\udc4d4  |  \ud83e\udd140  |  \ud83d\udc4e5", "author_id": null}}, {"model": "kicken.message", "pk": 171, "fields": {"chat": -1001326040318, "message_id": 2281, "date_created": "2019-11-01T14:34:12.858Z", "date_modified": "2019-11-01T14:34:12.858Z", "from_bot": false, "text": "#236 Immer wieder Sonntags\n\ud83d\uddd3 03.11 \ud83d\udd53 16:00 \n\n \u25ab\ufe0f Lukas\n \u25ab\ufe0f Andreas +1\n \u25ab\ufe0f Tim\n\n\ud83d\udc4d4  |  \ud83e\udd140  |  \ud83d\udc4e5", "author_id": null}}, {"model": "kicken.message", "pk": 172, "fields": {"chat": -1001326040318, "message_id": 2283, "date_created": "2019-11-01T14:37:07.299Z", "date_modified": "2019-11-01T14:37:07.299Z", "from_bot": false, "text": "#236 Immer wieder Sonntags\n\ud83d\uddd3 03.11 \ud83d\udd53 16:00 \n\n \u25ab\ufe0f Lukas\n \u25ab\ufe0f Andreas +1\n \u25ab\ufe0f Tim\n\n\ud83d\udc4d4  |  \ud83e\udd140  |  \ud83d\udc4e5", "author_id": null}}, {"model": "kicken.message", "pk": 173, "fields": {"chat": -1001326040318, "message_id": 2285, "date_created": "2019-11-01T14:37:09.178Z", "date_modified": "2019-11-01T14:37:09.178Z", "from_bot": false, "text": "#236 Immer wieder Sonntags\n\ud83d\uddd3 03.11 \ud83d\udd53 16:00 \n\n \u25ab\ufe0f Lukas\n \u25ab\ufe0f Andreas +1\n \u25ab\ufe0f Tim\n\n\ud83d\udc4d4  |  \ud83e\udd140  |  \ud83d\udc4e5", "author_id": null}}, {"model": "kicken.message", "pk": 174, "fields": {"chat": -1001326040318, "message_id": 2287, "date_created": "2019-11-01T14:37:13.221Z", "date_modified": "2019-11-01T14:37:13.221Z", "from_bot": false, "text": "#236 Immer wieder Sonntags\n\ud83d\uddd3 03.11 \ud83d\udd53 16:00 \n\n \u25ab\ufe0f Lukas\n \u25ab\ufe0f Andreas +1\n \u25ab\ufe0f Tim\n\n\ud83d\udc4d4  |  \ud83e\udd140  |  \ud83d\udc4e5", "author_id": null}}, {"model": "kicken.message", "pk": 175, "fields": {"chat": -1001326040318, "message_id": 2292, "date_created": "2019-11-01T15:15:31.924Z", "date_modified": "2019-11-01T15:15:31.924Z", "from_bot": false, "text": "#236 Immer wieder Sonntags\n\ud83d\uddd3 03.11 \ud83d\udd53 16:00 \n\n \u25ab\ufe0f Lukas\n \u25ab\ufe0f Andreas +4\n \u25ab\ufe0f Tim\n \u25ab\ufe0f Hedi\n\n\ud83d\udc4d8  |  \ud83e\udd140  |  \ud83d\udc4e5", "author_id": null}}, {"model": "kicken.message", "pk": 176, "fields": {"chat": -1001326040318, "message_id": 2314, "date_created": "2019-11-05T15:08:06.560Z", "date_modified": "2019-11-05T15:08:06.560Z", "from_bot": false, "text": "#237 n\u00e4chsten sonntag\n\n\ud83d\udc4d0  |  \ud83e\udd140  |  \ud83d\udc4e0", "author_id": null}}, {"model": "kicken.message", "pk": 177, "fields": {"chat": -1001326040318, "message_id": 2319, "date_created": "2019-11-05T16:46:10.514Z", "date_modified": "2019-11-05T16:46:10.514Z", "from_bot": false, "text": "#237 n\u00e4chsten sonntag\n\ud83d\udd53 16:00 \n\n \u25ab\ufe0f Lukas\n \u25ab\ufe0f Dr.\n\n\ud83d\udc4d2  |  \ud83e\udd140  |  \ud83d\udc4e1", "author_id": null}}, {"model": "kicken.message", "pk": 178, "fields": {"chat": -1001326040318, "message_id": 2326, "date_created": "2019-11-09T15:53:05.939Z", "date_modified": "2019-11-09T15:53:05.939Z", "from_bot": false, "text": "#237 n\u00e4chsten sonntag\n\ud83d\udd53 16:00 \n\n \u25ab\ufe0f Lukas\n \u25ab\ufe0f Dr.\n \u25ab\ufe0f Sarah +2\n \u25ab\ufe0f kurt\n\n\ud83d\udc4d6  |  \ud83e\udd141  |  \ud83d\udc4e2", "author_id": null}}, {"model": "kicken.message", "pk": 179, "fields": {"chat": -1001326040318, "message_id": 2344, "date_created": "2019-11-13T16:41:23.303Z", "date_modified": "2019-11-13T16:41:23.303Z", "from_bot": false, "text": "#238 Sonntag\n\n\ud83d\udc4d0  |  \ud83e\udd140  |  \ud83d\udc4e0", "author_id": null}}, {"model": "kicken.message", "pk": 180, "fields": {"chat": -1001326040318, "message_id": 2346, "date_created": "2019-11-13T18:04:50.409Z", "date_modified": "2019-11-13T18:04:50.409Z", "from_bot": false, "text": "#238 Sonntag\n\n \u25ab\ufe0f Lukas\n \u25ab\ufe0f Dr.\n \u25ab\ufe0f Tim\n\n\ud83d\udc4d3  |  \ud83e\udd140  |  \ud83d\udc4e1", "author_id": null}}, {"model": "kicken.message", "pk": 181, "fields": {"chat": -1001326040318, "message_id": 2348, "date_created": "2019-11-13T19:17:34.070Z", "date_modified": "2019-11-13T19:17:34.070Z", "from_bot": false, "text": "#238 Sonntag\n\n \u25ab\ufe0f Lukas\n \u25ab\ufe0f Dr.\n \u25ab\ufe0f Tim\n \u25ab\ufe0f Ruben\n\n\ud83d\udc4d4  |  \ud83e\udd140  |  \ud83d\udc4e1", "author_id": null}}, {"model": "kicken.message", "pk": 182, "fields": {"chat": -1001326040318, "message_id": 2359, "date_created": "2019-11-17T10:18:46.949Z", "date_modified": "2019-11-17T10:18:46.949Z", "from_bot": false, "text": "#238 Sonntag\n\n \u25ab\ufe0f Lukas\n \u25ab\ufe0f Dr. +3\n \u25ab\ufe0f Tim\n \u25ab\ufe0f Ruben\n \u25ab\ufe0f kurt\n\n\ud83d\udc4d8  |  \ud83e\udd140  |  \ud83d\udc4e5", "author_id": null}}, {"model": "kicken.message", "pk": 183, "fields": {"chat": -1001326040318, "message_id": 2366, "date_created": "2019-11-19T10:43:24.015Z", "date_modified": "2019-11-19T10:43:24.015Z", "from_bot": false, "text": "#239 Sonntag\n\n\ud83d\udc4d0  |  \ud83e\udd140  |  \ud83d\udc4e0", "author_id": null}}, {"model": "kicken.message", "pk": 184, "fields": {"chat": -1001326040318, "message_id": 2384, "date_created": "2019-11-21T14:31:05.595Z", "date_modified": "2019-11-21T14:31:05.595Z", "from_bot": false, "text": "#239 Sonntag\n\n \u25ab\ufe0f Jan +3\n \u25ab\ufe0f Andreas +4\n \u25ab\ufe0f Tim\n\n\ud83d\udc4d10  |  \ud83e\udd141  |  \ud83d\udc4e0", "author_id": null}}, {"model": "kicken.message", "pk": 185, "fields": {"chat": -1001326040318, "message_id": 2394, "date_created": "2019-11-22T13:18:10.669Z", "date_modified": "2019-11-22T13:18:10.670Z", "from_bot": false, "text": "#239 Sonntag\n\n \u25ab\ufe0f Jan +3\n \u25ab\ufe0f Luke\n \u25ab\ufe0f Andreas +4\n \u25ab\ufe0f Tim\n\n\ud83d\udc4d11  |  \ud83e\udd141  |  \ud83d\udc4e1", "author_id": null}}, {"model": "kicken.message", "pk": 186, "fields": {"chat": -1001326040318, "message_id": 2406, "date_created": "2019-11-27T19:03:48.296Z", "date_modified": "2019-11-27T19:03:48.296Z", "from_bot": false, "text": "#240 sonntag 16 Uhr Werder Sports\n\ud83d\udd53 16:00 \n\n\ud83d\udc4d0  |  \ud83e\udd140  |  \ud83d\udc4e0", "author_id": null}}, {"model": "kicken.message", "pk": 187, "fields": {"chat": -1001326040318, "message_id": 2435, "date_created": "2019-12-04T12:23:48.327Z", "date_modified": "2019-12-04T12:23:48.327Z", "from_bot": false, "text": "#241 sonntag 16:00\n\ud83d\udd53 16:00 \n\n\ud83d\udc4d0  |  \ud83e\udd140  |  \ud83d\udc4e0", "author_id": null}}, {"model": "kicken.message", "pk": 188, "fields": {"chat": -1001326040318, "message_id": 2448, "date_created": "2019-12-10T08:15:47.907Z", "date_modified": "2019-12-10T08:15:47.907Z", "from_bot": false, "text": "#242 sonntag 16:00\n\ud83d\udd53 16:00 \n\n\ud83d\udc4d0  |  \ud83e\udd140  |  \ud83d\udc4e0", "author_id": null}}, {"model": "kicken.message", "pk": 189, "fields": {"chat": -1001326040318, "message_id": 2454, "date_created": "2019-12-14T12:43:10.712Z", "date_modified": "2019-12-14T12:43:10.715Z", "from_bot": false, "text": "#242 sonntag 16:00\n\ud83d\udd53 16:00 \n\n \u25ab\ufe0f Luke\n \u25ab\ufe0f Andreas +5\n \u25ab\ufe0f Jan\n \u25ab\ufe0f Marlon\n\n\ud83d\udc4d9  |  \ud83e\udd142  |  \ud83d\udc4e5", "author_id": null}}, {"model": "kicken.message", "pk": 190, "fields": {"chat": -1001326040318, "message_id": 2459, "date_created": "2019-12-15T00:34:38.098Z", "date_modified": "2019-12-15T00:34:38.098Z", "from_bot": false, "text": "#242 sonntag 16:00\n\ud83d\udd53 16:00 \n\n \u25ab\ufe0f Luke\n \u25ab\ufe0f Andreas +7\n \u25ab\ufe0f Jan\n \u25ab\ufe0f Marlon\n \u25ab\ufe0f Felix\n\n\ud83d\udc4d12  |  \ud83e\udd142  |  \ud83d\udc4e5", "author_id": null}}, {"model": "kicken.message", "pk": 191, "fields": {"chat": -1001326040318, "message_id": 2475, "date_created": "2019-12-17T11:32:35.332Z", "date_modified": "2019-12-17T11:32:35.332Z", "from_bot": false, "text": "#243 sonntag 23.12. 16:00\n\ud83d\uddd3 23.12 \ud83d\udd53 16:00 \n\n\ud83d\udc4d0  |  \ud83e\udd140  |  \ud83d\udc4e0", "author_id": null}}, {"model": "kicken.message", "pk": 192, "fields": {"chat": -1001326040318, "message_id": 2481, "date_created": "2019-12-17T11:33:24.352Z", "date_modified": "2019-12-17T11:33:24.352Z", "from_bot": false, "text": "#243 sonntag 22.12. 16:00\n\ud83d\uddd3 22.12 \ud83d\udd53 16:00 \n\n\ud83d\udc4d0  |  \ud83e\udd140  |  \ud83d\udc4e1", "author_id": null}}, {"model": "kicken.message", "pk": 193, "fields": {"chat": -1001326040318, "message_id": 2494, "date_created": "2019-12-26T21:10:57.853Z", "date_modified": "2019-12-26T21:10:57.853Z", "from_bot": false, "text": "#244 29.12. letzte chance 2019 zu kicken\n\ud83d\uddd3 29.12 \n\n\ud83d\udc4d0  |  \ud83e\udd140  |  \ud83d\udc4e0", "author_id": null}}, {"model": "kicken.message", "pk": 194, "fields": {"chat": -1001326040318, "message_id": 2496, "date_created": "2019-12-27T12:40:45.398Z", "date_modified": "2019-12-27T12:40:45.399Z", "from_bot": false, "text": "#244 29.12. letzte chance 2019 zu kicken\n\ud83d\uddd3 29.12 \n\n \u25ab\ufe0f Luke\n \u25ab\ufe0f Julian\n \u25ab\ufe0f Kai\n \u25ab\ufe0f Klemens\n\n\ud83d\udc4d4  |  \ud83e\udd140  |  \ud83d\udc4e3", "author_id": null}}, {"model": "kicken.message", "pk": 195, "fields": {"chat": -1001326040318, "message_id": 2529, "date_created": "2020-01-02T13:52:56.198Z", "date_modified": "2020-01-02T13:52:56.198Z", "from_bot": false, "text": "#245 Samstag 4.1. 10:00 Werdersports?\n\ud83d\uddd3 04.01 \ud83d\udd59 10:00 \n\n\ud83d\udc4d0  |  \ud83e\udd140  |  \ud83d\udc4e0", "author_id": null}}, {"model": "kicken.message", "pk": 196, "fields": {"chat": -1001326040318, "message_id": 2531, "date_created": "2020-01-02T13:53:08.779Z", "date_modified": "2020-01-02T13:53:08.779Z", "from_bot": false, "text": "#245 Samstag 4.1. 10:00 Werdersports?\n\ud83d\uddd3 04.01 \ud83d\udd59 10:00 \n\n\ud83d\udc4d0  |  \ud83e\udd140  |  \ud83d\udc4e0", "author_id": null}}, {"model": "kicken.message", "pk": 197, "fields": {"chat": -1001326040318, "message_id": 2546, "date_created": "2020-01-02T17:25:38.726Z", "date_modified": "2020-01-02T17:25:38.726Z", "from_bot": false, "text": "#246 Sonntag 16 Uhr\n\ud83d\udd53 16:00 \n\n\ud83d\udc4d0  |  \ud83e\udd140  |  \ud83d\udc4e0", "author_id": null}}, {"model": "kicken.message", "pk": 198, "fields": {"chat": -1001326040318, "message_id": 2559, "date_created": "2020-01-04T11:55:00.390Z", "date_modified": "2020-01-04T11:55:00.390Z", "from_bot": false, "text": "#246 Sonntag 16 Uhr\n\ud83d\udd53 16:00 \n\n \u25ab\ufe0f Andreas +9\n \u25ab\ufe0f Felix\n\n\ud83d\udc4d11  |  \ud83e\udd144  |  \ud83d\udc4e1", "author_id": null}}, {"model": "kicken.message", "pk": 199, "fields": {"chat": -1001326040318, "message_id": 2564, "date_created": "2020-01-04T20:57:31.242Z", "date_modified": "2020-01-04T20:57:31.242Z", "from_bot": false, "text": "#246 Sonntag 16 Uhr\n\ud83d\udd53 16:00 \n\n \u25ab\ufe0f Andreas +9\n \u25ab\ufe0f Felix\n\n\ud83d\udc4d11  |  \ud83e\udd144  |  \ud83d\udc4e1", "author_id": null}}, {"model": "kicken.message", "pk": 200, "fields": {"chat": -1001326040318, "message_id": 2567, "date_created": "2020-01-05T16:47:53.109Z", "date_modified": "2020-01-05T16:47:53.109Z", "from_bot": false, "text": "#247 Sonntag 16 Uhr\n\ud83d\udd53 16:00 \n\n\ud83d\udc4d0  |  \ud83e\udd140  |  \ud83d\udc4e0", "author_id": null}}, {"model": "kicken.message", "pk": 201, "fields": {"chat": -1001326040318, "message_id": 2570, "date_created": "2020-01-06T14:57:59.172Z", "date_modified": "2020-01-06T14:57:59.172Z", "from_bot": false, "text": "#248 Mittwoch Abend spontan\n\n\ud83d\udc4d0  |  \ud83e\udd140  |  \ud83d\udc4e0", "author_id": null}}, {"model": "kicken.message", "pk": 202, "fields": {"chat": -1001326040318, "message_id": 2592, "date_created": "2020-01-07T18:01:21.882Z", "date_modified": "2020-01-07T18:01:21.882Z", "from_bot": false, "text": "#248 Mittwoch Abend spontan\n\ud83d\udd58 21:00 \n\n \u25ab\ufe0f Andreas +4\n \u25ab\ufe0f Luke\n \u25ab\ufe0f Tim\n \u25ab\ufe0f Felix\n \u25ab\ufe0f Kai\n\n\ud83d\udc4d9  |  \ud83e\udd143  |  \ud83d\udc4e1", "author_id": null}}, {"model": "kicken.message", "pk": 203, "fields": {"chat": -1001326040318, "message_id": 2609, "date_created": "2020-01-08T21:45:31.216Z", "date_modified": "2020-01-08T21:45:31.216Z", "from_bot": false, "text": "#247 Sonntag 16 Uhr\n\ud83d\udd53 16:00 \n\n \u25ab\ufe0f Andreas +3\n \u25ab\ufe0f Kai\n \u25ab\ufe0f Luke\n \u25ab\ufe0f Felix\n\n\ud83d\udc4d7  |  \ud83e\udd142  |  \ud83d\udc4e0", "author_id": null}}, {"model": "kicken.message", "pk": 204, "fields": {"chat": -1001326040318, "message_id": 2611, "date_created": "2020-01-08T21:46:49.710Z", "date_modified": "2020-01-08T21:46:49.710Z", "from_bot": false, "text": "#247 Sonntag 16 Uhr\n\ud83d\udd53 16:00 \n\n \u25ab\ufe0f Andreas +3\n \u25ab\ufe0f Kai\n \u25ab\ufe0f Luke\n \u25ab\ufe0f Felix\n\n\ud83d\udc4d7  |  \ud83e\udd142  |  \ud83d\udc4e0", "author_id": null}}, {"model": "kicken.message", "pk": 205, "fields": {"chat": -1001326040318, "message_id": 2617, "date_created": "2020-01-10T09:32:21.913Z", "date_modified": "2020-01-10T09:32:21.913Z", "from_bot": false, "text": "#247 Sonntag 16 Uhr\n\ud83d\udd53 16:00 \n\n \u25ab\ufe0f Andreas +3\n \u25ab\ufe0f Kai\n \u25ab\ufe0f Luke\n \u25ab\ufe0f Felix\n \u25ab\ufe0f Marlon\n \u25ab\ufe0f Cihat\n\n\ud83d\udc4d9  |  \ud83e\udd142  |  \ud83d\udc4e0", "author_id": null}}, {"model": "kicken.message", "pk": 206, "fields": {"chat": -1001326040318, "message_id": 2619, "date_created": "2020-01-11T08:32:56.722Z", "date_modified": "2020-01-11T08:32:56.722Z", "from_bot": false, "text": "#247 Sonntag 16 Uhr\n\ud83d\udd53 16:00 \n\n \u25ab\ufe0f Andreas +5\n \u25ab\ufe0f Luke\n \u25ab\ufe0f Felix\n \u25ab\ufe0f Marlon\n \u25ab\ufe0f Cihat\n\n\ud83d\udc4d10  |  \ud83e\udd144  |  \ud83d\udc4e1", "author_id": null}}, {"model": "kicken.message", "pk": 207, "fields": {"chat": -1001326040318, "message_id": 2622, "date_created": "2020-01-13T11:08:13.408Z", "date_modified": "2020-01-13T11:08:13.408Z", "from_bot": false, "text": "#251 Mittwoch 20:00 Werder Sports\n\ud83d\udd57 20:00 \n\n\ud83d\udc4d0  |  \ud83e\udd140  |  \ud83d\udc4e0", "author_id": null}}, {"model": "kicken.message", "pk": 208, "fields": {"chat": 185156335, "message_id": 4044, "date_created": "2020-01-13T11:08:17.856Z", "date_modified": "2020-01-13T11:08:17.857Z", "from_bot": false, "text": "#252 test\n\n\ud83d\udc4d0  |  \ud83e\udd140  |  \ud83d\udc4e0", "author_id": null}}, {"model": "kicken.message", "pk": 209, "fields": {"chat": -1001326040318, "message_id": 2641, "date_created": "2020-01-14T15:36:02.927Z", "date_modified": "2020-01-14T15:36:02.927Z", "from_bot": false, "text": "#251 Mittwoch 20:00 Werder Sports\n\ud83d\udd57 20:00 \n\n \u25ab\ufe0f Andreas +7\n \u25ab\ufe0f Luke\n \u25ab\ufe0f Maro\n\n\ud83d\udc4d10  |  \ud83e\udd141  |  \ud83d\udc4e5", "author_id": null}}, {"model": "kicken.message", "pk": 210, "fields": {"chat": -1001326040318, "message_id": 2653, "date_created": "2020-01-16T19:57:08.688Z", "date_modified": "2020-01-16T19:57:08.688Z", "from_bot": false, "text": "#253 Mittwoch 22.01. 20 Uhr Werder Sports\n\ud83d\uddd3 22.01 \ud83d\udd57 20:00 \n\n\ud83d\udc4d0  |  \ud83e\udd140  |  \ud83d\udc4e0", "author_id": null}}, {"model": "kicken.message", "pk": 211, "fields": {"chat": -1001326040318, "message_id": 2664, "date_created": "2020-01-20T16:23:54.907Z", "date_modified": "2020-01-20T16:23:54.907Z", "from_bot": false, "text": "#253 Mitwoch 22.01. 18 Uhr Werder Sports\n\ud83d\uddd3 22.01 \ud83d\udd55 18:00 \n\n \u25ab\ufe0f Andreas +4\n \u25ab\ufe0f Marlon +1\n \u25ab\ufe0f Jan\n \u25ab\ufe0f Tim\n\n\ud83d\udc4d9  |  \ud83e\udd142  |  \ud83d\udc4e1", "author_id": null}}, {"model": "kicken.message", "pk": 212, "fields": {"chat": -1001326040318, "message_id": 2686, "date_created": "2020-01-25T15:20:59.594Z", "date_modified": "2020-01-25T15:20:59.594Z", "from_bot": false, "text": "#254 Mittwoch Abend Werder Sports\n\n\ud83d\udc4d0  |  \ud83e\udd140  |  \ud83d\udc4e0", "author_id": null}}, {"model": "kicken.message", "pk": 213, "fields": {"chat": -1001326040318, "message_id": 2689, "date_created": "2020-01-25T15:39:30.446Z", "date_modified": "2020-01-25T15:39:30.446Z", "from_bot": false, "text": "#255 Spontan Morgen mittags Werder Sports\n\n\ud83d\udc4d0  |  \ud83e\udd140  |  \ud83d\udc4e0", "author_id": null}}, {"model": "kicken.message", "pk": 214, "fields": {"chat": -1001326040318, "message_id": 2695, "date_created": "2020-01-27T10:09:23.917Z", "date_modified": "2020-01-27T10:09:23.917Z", "from_bot": false, "text": "#254 Mittwoch Abend Werder Sports\n\n \u25ab\ufe0f Andreas +2\n \u25ab\ufe0f Tim\n \u25ab\ufe0f Kai\n\n\ud83d\udc4d5  |  \ud83e\udd142  |  \ud83d\udc4e0", "author_id": null}}, {"model": "kicken.message", "pk": 215, "fields": {"chat": -1001326040318, "message_id": 2702, "date_created": "2020-01-30T16:56:11.025Z", "date_modified": "2020-01-30T16:56:11.025Z", "from_bot": false, "text": "#256 Sonntag 16 Uhr\n\ud83d\udd53 16:00 \n\n\ud83d\udc4d0  |  \ud83e\udd140  |  \ud83d\udc4e0", "author_id": null}}, {"model": "kicken.message", "pk": 216, "fields": {"chat": -1001326040318, "message_id": 2709, "date_created": "2020-02-01T14:39:19.074Z", "date_modified": "2020-02-01T14:39:19.074Z", "from_bot": false, "text": "#257 Mittwoch Abend\n\n\ud83d\udc4d0  |  \ud83e\udd140  |  \ud83d\udc4e0", "author_id": null}}, {"model": "kicken.message", "pk": 217, "fields": {"chat": -1001326040318, "message_id": 2723, "date_created": "2020-02-09T12:17:32.256Z", "date_modified": "2020-02-09T12:17:32.256Z", "from_bot": false, "text": "#258 Mittwoch 20:00\n\ud83d\udd57 20:00 \n\n\ud83d\udc4d0  |  \ud83e\udd140  |  \ud83d\udc4e0", "author_id": null}}, {"model": "kicken.message", "pk": 218, "fields": {"chat": -1001326040318, "message_id": 2730, "date_created": "2020-02-10T12:13:20.677Z", "date_modified": "2020-02-10T12:13:20.677Z", "from_bot": false, "text": "#259 sonntag\n\n\ud83d\udc4d0  |  \ud83e\udd140  |  \ud83d\udc4e0", "author_id": null}}, {"model": "kicken.message", "pk": 219, "fields": {"chat": -1001326040318, "message_id": 2735, "date_created": "2020-02-10T14:59:47.783Z", "date_modified": "2020-02-10T14:59:47.783Z", "from_bot": false, "text": "#259 sonntag\n\ud83d\udd53 16:00 \n\n \u25ab\ufe0f Luke\n \u25ab\ufe0f Fabian\n \u25ab\ufe0f Sarah\n \u25ab\ufe0f Felix\n\n\ud83d\udc4d4  |  \ud83e\udd142  |  \ud83d\udc4e1", "author_id": null}}, {"model": "kicken.message", "pk": 220, "fields": {"chat": -1001326040318, "message_id": 2753, "date_created": "2020-02-12T00:18:19.858Z", "date_modified": "2020-02-12T00:18:19.858Z", "from_bot": false, "text": "#258 Mittwoch 20:00\n\ud83d\udd57 20:00 \n\n \u25ab\ufe0f Fab\n \u25ab\ufe0f Felix\n \u25ab\ufe0f Fabian\n \u25ab\ufe0f Tim\n \u25ab\ufe0f Ruben\n \u25ab\ufe0f Andreas\n\n\ud83d\udc4d6  |  \ud83e\udd140  |  \ud83d\udc4e4", "author_id": null}}, {"model": "core.bot", "pk": 1, "fields": {"name": "W\u00fcrfel Bot", "username": "wuerfelnbot", "token": null, "short": "Falls ma etwas Zufall gebraucht wird, hat dieser Bot verschiedene W\u00fcrfel parat, kann zuf\u00e4llige Zahlen nennen M\u00fcnzen werfen und Benutzer in beliebigen Chats gegen einander Schere-Stein-Papier spielen lassen.", "long": "Falls ma etwas Zufall gebraucht wird, hat dieser Bot verschiedene W\u00fcrfel parat, kann zuf\u00e4llige Zahlen nennen M\u00fcnzen werfen und Benutzer in beliebigen Chats gegen einander Schere-Stein-Papier spielen lassen.", "public": true, "promote": true, "avatar": "", "url": null}}, {"model": "core.bot", "pk": 2, "fields": {"name": "Wetter Bot", "username": "guteswetterbot", "token": null, "short": "Spar dir doch die Wetterapp und lass dir stattdessen von diesem Bot einen regelm\u00e4\u00dfigen Wetterbericht oder auf Nachfrage aktuelle Wetterlagen und Vorhersagen schicken. Standort support, Verschiedene wissenschaftliche Quellen, Top aktuelle Daten und das beste: Bei wiederspr\u00fcchlichen Daten wird immer von den optimistischsten ausgegangen.", "long": "Spar dir doch die Wetterapp und lass dir stattdessen von diesem Bot einen regelm\u00e4\u00dfigen Wetterbericht oder auf Nachfrage aktuelle Wetterlagen und Vorhersagen schicken. Standort support, Verschiedene wissenschaftliche Quellen, Top aktuelle Daten und das beste: Bei wiederspr\u00fcchlichen Daten wird immer von den optimistischsten ausgegangen.", "public": true, "promote": false, "avatar": "", "url": null}}, {"model": "core.bot", "pk": 3, "fields": {"name": "Kicken Bot", "username": "kickenbot", "token": null, "short": "", "long": "", "public": false, "promote": true, "avatar": "avatars/kickenbot.png", "url": null}}, {"model": "core.bot", "pk": 4, "fields": {"name": "Listen Bot", "username": "ListererBot", "token": null, "short": "Verwandelt einen Chat in eine praktische selbsterkl\u00e4rende Todo-Liste. Erstelle doch Gruppen um gemeinsame Listen zu f\u00fchren oder um verschiedene Listen f\u00fcr dich selbst zu verwalten.", "long": "Verwandelt einen Chat in eine praktische selbsterkl\u00e4rende Todo-Liste. Erstelle doch Gruppen um gemeinsame Listen zu f\u00fchren oder um verschiedene Listen f\u00fcr dich selbst zu verwalten.", "public": true, "promote": true, "avatar": "avatars/notebot.png", "url": null}}, {"model": "core.bot", "pk": 5, "fields": {"name": "Mensa Bot", "username": "@botaufgruenkohl_bot", "token": null, "short": "Interaktiver Essensplan f\u00fcr eine Vielzahl an Mensen in Deutschland (openmensa.org). Mit Alarmfunktion f\u00fcr Weihnachtsessen, Gr\u00fchnkohl oder auf Stichwort.", "long": "Interaktiver Essensplan f\u00fcr eine Vielzahl an Mensen in Deutschland (openmensa.org). Mit Alarmfunktion f\u00fcr Weihnachtsessen, Gr\u00fchnkohl oder auf Stichwort. Neben dem Essen f\u00fcr heute oder die n\u00e4chsten Tage auf Nachfrage, kann auch ein Abo eingerichtet werden, dass der bot dir t\u00e4glich zu deiner gew\u00fcnschten Uhrzeit den Essensplan zu deiner gew\u00fcnschten.\r\nZur zeit ist der Bot (noch) auf die Uni-Bremen eingestellt, eine Auswahl \u00fcber Suche/ID/Standort ist aber in arbeit.", "public": true, "promote": true, "avatar": "avatars/mensabot.jpg", "url": null}}, {"model": "core.bot", "pk": 6, "fields": {"name": "Vokabel Bot", "username": "@vokabelbot", "token": null, "short": "Zum schnellen Nachschlagen von W\u00f6rtern mit ausw\u00e4hlbarem \u00dcbersetzungsbackend. Eine interaktive Lernkartei, um in kleinen Sessions nachgeschlagene Vokabeln zu \u00fcben. Die kurzweiligen \u00dcbungen und Lernstatistiken sollen die Motivation und den Lernerfolg steigern.", "long": "", "public": true, "promote": true, "avatar": "avatars/vokabelbot.jpg", "url": "https://telebotter.sarbot.de/vokabelbot"}}, {"model": "core.telebotuser", "pk": 11624633, "fields": {"first_name": "Hedi", "last_name": null, "username": "heeedi", "joined": "2019-10-22T05:43:05.590Z"}}, {"model": "core.telebotuser", "pk": 13285755, "fields": {"first_name": "Felix", "last_name": "Behrens", "username": "felixbehrens", "joined": "2019-11-27T21:28:59.316Z"}}, {"model": "core.telebotuser", "pk": 55092001, "fields": {"first_name": "kurt", "last_name": "hei\u00dfichnich", "username": null, "joined": "2019-10-21T19:15:03.790Z"}}, {"model": "core.telebotuser", "pk": 93213282, "fields": {"first_name": "Torben", "last_name": null, "username": null, "joined": "2019-10-22T07:07:01.508Z"}}, {"model": "core.telebotuser", "pk": 111825778, "fields": {"first_name": "Claas", "last_name": null, "username": null, "joined": "2019-10-22T04:08:48.511Z"}}, {"model": "core.telebotuser", "pk": 123583556, "fields": {"first_name": "Dr.", "last_name": "B", "username": null, "joined": "2019-11-01T14:33:26.558Z"}}, {"model": "core.telebotuser", "pk": 126686541, "fields": {"first_name": "Ren", "last_name": "As", "username": "reneas", "joined": "2020-02-06T14:05:30.227Z"}}, {"model": "core.telebotuser", "pk": 129116350, "fields": {"first_name": "Hendrico", "last_name": null, "username": "hendric0", "joined": "2020-01-29T12:05:43.814Z"}}, {"model": "core.telebotuser", "pk": 146329284, "fields": {"first_name": ".", "last_name": null, "username": null, "joined": "2020-01-10T11:28:58.797Z"}}, {"model": "core.telebotuser", "pk": 156031190, "fields": {"first_name": "Efua", "last_name": null, "username": "Efua29", "joined": "2020-02-02T09:36:35.729Z"}}, {"model": "core.telebotuser", "pk": 185156335, "fields": {"first_name": "\ud83d\udc68\u200d\ud83d\udcbb Lukas", "last_name": null, "username": "lukasleise", "joined": "2019-05-14T17:21:35.150Z"}}, {"model": "core.telebotuser", "pk": 274614963, "fields": {"first_name": "Christiane", "last_name": "Lila", "username": null, "joined": "2019-10-21T19:52:52.626Z"}}, {"model": "core.telebotuser", "pk": 287152522, "fields": {"first_name": "Thoni", "last_name": null, "username": "H_Milch_Thoni", "joined": "2020-02-01T22:36:10.321Z"}}, {"model": "core.telebotuser", "pk": 328622282, "fields": {"first_name": "Lassen", "last_name": "Los", "username": null, "joined": "2019-10-23T19:46:59.099Z"}}, {"model": "core.telebotuser", "pk": 347090437, "fields": {"first_name": "Tomte", "last_name": "Bre", "username": null, "joined": "2019-11-23T19:21:12.463Z"}}, {"model": "core.telebotuser", "pk": 353927279, "fields": {"first_name": "Falk", "last_name": null, "username": null, "joined": "2019-11-10T03:00:32.999Z"}}, {"model": "core.telebotuser", "pk": 374463953, "fields": {"first_name": "Maro", "last_name": "Rabe", "username": null, "joined": "2020-01-13T13:38:35.922Z"}}, {"model": "core.telebotuser", "pk": 403128880, "fields": {"first_name": "Jihed", "last_name": null, "username": null, "joined": "2019-10-26T08:57:38.956Z"}}, {"model": "core.telebotuser", "pk": 405223624, "fields": {"first_name": "Jan", "last_name": null, "username": null, "joined": "2019-12-12T12:45:20.506Z"}}, {"model": "core.telebotuser", "pk": 412779983, "fields": {"first_name": "Fabian", "last_name": "Rill", "username": "fabsee", "joined": "2020-02-01T15:42:30.458Z"}}, {"model": "core.telebotuser", "pk": 420651138, "fields": {"first_name": "Julian", "last_name": null, "username": null, "joined": "2019-10-26T18:47:55.827Z"}}, {"model": "core.telebotuser", "pk": 443603365, "fields": {"first_name": "Klemens", "last_name": "Hreicht", "username": null, "joined": "2019-12-26T21:16:09.678Z"}}, {"model": "core.telebotuser", "pk": 454839376, "fields": {"first_name": "Ruben", "last_name": "Hoika", "username": "pigcowmoo", "joined": "2019-10-21T23:16:26.786Z"}}, {"model": "core.telebotuser", "pk": 476006658, "fields": {"first_name": "Johannes", "last_name": null, "username": null, "joined": "2019-12-27T20:38:53.995Z"}}, {"model": "core.telebotuser", "pk": 507137429, "fields": {"first_name": "Peter", "last_name": null, "username": null, "joined": "2019-10-28T18:51:01.731Z"}}, {"model": "core.telebotuser", "pk": 538853402, "fields": {"first_name": "Sarah", "last_name": "R.", "username": null, "joined": "2019-10-22T06:50:22.129Z"}}, {"model": "core.telebotuser", "pk": 557888936, "fields": {"first_name": "Tim", "last_name": "Lucas", "username": null, "joined": "2019-10-24T15:46:10.967Z"}}, {"model": "core.telebotuser", "pk": 560014935, "fields": {"first_name": "Marlon", "last_name": null, "username": null, "joined": "2019-10-24T09:16:23.105Z"}}, {"model": "core.telebotuser", "pk": 578999710, "fields": {"first_name": "Cihat", "last_name": null, "username": null, "joined": "2020-01-09T12:22:17.101Z"}}, {"model": "core.telebotuser", "pk": 651594567, "fields": {"first_name": "Mike", "last_name": "F\u00f6rstner", "username": null, "joined": "2019-10-29T09:36:20.858Z"}}, {"model": "core.telebotuser", "pk": 847230398, "fields": {"first_name": "Kai", "last_name": null, "username": null, "joined": "2019-12-26T21:11:25.106Z"}}, {"model": "core.telebotuser", "pk": 860079890, "fields": {"first_name": "MrPandaUwU", "last_name": null, "username": "NewMrPanda", "joined": "2020-01-29T14:52:56.571Z"}}, {"model": "core.telebotuser", "pk": 866621457, "fields": {"first_name": "Nuri", "last_name": null, "username": null, "joined": "2020-01-12T12:06:35.385Z"}}, {"model": "core.telebotuser", "pk": 938689469, "fields": {"first_name": "Ga Ad", "last_name": "Otak", "username": null, "joined": "2020-01-08T00:54:47.497Z"}}, {"model": "core.telebotuser", "pk": 987098879, "fields": {"first_name": "Andreas", "last_name": "Lubitz", "username": null, "joined": "2019-10-22T09:30:47.798Z"}}, {"model": "core.telebotuser", "pk": 1078648366, "fields": {"first_name": "Ole", "last_name": "B", "username": null, "joined": "2020-02-12T14:17:13.960Z"}}, {"model": "core.telebotuser", "pk": 1083496624, "fields": {"first_name": "Fab", "last_name": null, "username": null, "joined": "2020-02-09T12:21:46.684Z"}}, {"model": "contenttypes.contenttype", "pk": 1, "fields": {"app_label": "admin", "model": "logentry"}}, {"model": "contenttypes.contenttype", "pk": 2, "fields": {"app_label": "auth", "model": "user"}}, {"model": "contenttypes.contenttype", "pk": 3, "fields": {"app_label": "auth", "model": "group"}}, {"model": "contenttypes.contenttype", "pk": 4, "fields": {"app_label": "auth", "model": "permission"}}, {"model": "contenttypes.contenttype", "pk": 5, "fields": {"app_label": "contenttypes", "model": "contenttype"}}, {"model": "contenttypes.contenttype", "pk": 6, "fields": {"app_label": "sessions", "model": "session"}}, {"model": "contenttypes.contenttype", "pk": 7, "fields": {"app_label": "listerer", "model": "chat"}}, {"model": "contenttypes.contenttype", "pk": 8, "fields": {"app_label": "listerer", "model": "item"}}, {"model": "contenttypes.contenttype", "pk": 9, "fields": {"app_label": "listerer", "model": "message"}}, {"model": "contenttypes.contenttype", "pk": 10, "fields": {"app_label": "wuerfeln", "model": "ssp"}}, {"model": "contenttypes.contenttype", "pk": 11, "fields": {"app_label": "vokabeln", "model": "chat"}}, {"model": "contenttypes.contenttype", "pk": 12, "fields": {"app_label": "vokabeln", "model": "word"}}, {"model": "contenttypes.contenttype", "pk": 13, "fields": {"app_label": "vokabeln", "model": "translation"}}, {"model": "contenttypes.contenttype", "pk": 14, "fields": {"app_label": "vokabeln", "model": "engine"}}, {"model": "contenttypes.contenttype", "pk": 15, "fields": {"app_label": "vokabeln", "model": "language"}}, {"model": "contenttypes.contenttype", "pk": 16, "fields": {"app_label": "core", "model": "teleuser"}}, {"model": "contenttypes.contenttype", "pk": 17, "fields": {"app_label": "core", "model": "bot"}}, {"model": "contenttypes.contenttype", "pk": 18, "fields": {"app_label": "kicken", "model": "chat"}}, {"model": "contenttypes.contenttype", "pk": 19, "fields": {"app_label": "kicken", "model": "message"}}, {"model": "contenttypes.contenttype", "pk": 20, "fields": {"app_label": "kicken", "model": "location"}}, {"model": "contenttypes.contenttype", "pk": 21, "fields": {"app_label": "kicken", "model": "event"}}, {"model": "contenttypes.contenttype", "pk": 22, "fields": {"app_label": "kicken", "model": "kickenuser"}}, {"model": "contenttypes.contenttype", "pk": 23, "fields": {"app_label": "kicken", "model": "leibchen"}}, {"model": "contenttypes.contenttype", "pk": 24, "fields": {"app_label": "core", "model": "telebotuser"}}, {"model": "contenttypes.contenttype", "pk": 25, "fields": {"app_label": "kicken", "model": "participation"}}, {"model": "contenttypes.contenttype", "pk": 26, "fields": {"app_label": "kicken", "model": "locationalias"}}, {"model": "contenttypes.contenttype", "pk": 27, "fields": {"app_label": "kicken", "model": "ball"}}, {"model": "contenttypes.contenttype", "pk": 28, "fields": {"app_label": "mensa", "model": "chat"}}, {"model": "contenttypes.contenttype", "pk": 29, "fields": {"app_label": "mensa", "model": "canteen"}}, {"model": "contenttypes.contenttype", "pk": 30, "fields": {"app_label": "mensa", "model": "mensauser"}}, {"model": "contenttypes.contenttype", "pk": 31, "fields": {"app_label": "mensa", "model": "category"}}, {"model": "contenttypes.contenttype", "pk": 32, "fields": {"app_label": "mensa", "model": "profile"}}, {"model": "contenttypes.contenttype", "pk": 33, "fields": {"app_label": "projekt47", "model": "addon"}}, {"model": "contenttypes.contenttype", "pk": 34, "fields": {"app_label": "projekt47", "model": "character"}}, {"model": "contenttypes.contenttype", "pk": 35, "fields": {"app_label": "projekt47", "model": "charstat"}}, {"model": "contenttypes.contenttype", "pk": 36, "fields": {"app_label": "projekt47", "model": "stat"}}, {"model": "contenttypes.contenttype", "pk": 37, "fields": {"app_label": "projekt47", "model": "projekt47user"}}, {"model": "contenttypes.contenttype", "pk": 38, "fields": {"app_label": "projekt47", "model": "game"}}, {"model": "contenttypes.contenttype", "pk": 39, "fields": {"app_label": "projekt47", "model": "action"}}, {"model": "contenttypes.contenttype", "pk": 40, "fields": {"app_label": "projekt47", "model": "charaction"}}, {"model": "contenttypes.contenttype", "pk": 41, "fields": {"app_label": "projekt47", "model": "adventure"}}, {"model": "contenttypes.contenttype", "pk": 42, "fields": {"app_label": "projekt47", "model": "session"}}, {"model": "contenttypes.contenttype", "pk": 43, "fields": {"app_label": "projekt47", "model": "metacard"}}, {"model": "contenttypes.contenttype", "pk": 44, "fields": {"app_label": "projekt47", "model": "defaultname"}}, {"model": "sessions.session", "pk": "6njzbhzscy66xfocdq15pjiq2ymaa1ic", "fields": {"session_data": "ZmFkZWIyMWY2ZTdjMjE4ZDkwZjA5OWVlMGJhZTRhYWRiZjg4N2M1Yzp7Il9hdXRoX3VzZXJfaWQiOiIyIiwiX2F1dGhfdXNlcl9iYWNrZW5kIjoiZGphbmdvLmNvbnRyaWIuYXV0aC5iYWNrZW5kcy5Nb2RlbEJhY2tlbmQiLCJfYXV0aF91c2VyX2hhc2giOiJkZTE1ZWQ2NWNlMjQ5ODJhMDMxMjFiOWJjNzAyMjc3ZTNlYmNlMWIzIn0=", "expire_date": "2019-10-25T15:54:05.665Z"}}, {"model": "sessions.session", "pk": "aysvpd9226643aqlloofbe0ape5usvys", "fields": {"session_data": "OTEzY2I3ZjRmNTZiOTgwOGFkYjlkODAxYjIzMzQ1NjllZGIyYTljMzp7Il9hdXRoX3VzZXJfaWQiOiIzIiwiX2F1dGhfdXNlcl9iYWNrZW5kIjoiZGphbmdvLmNvbnRyaWIuYXV0aC5iYWNrZW5kcy5Nb2RlbEJhY2tlbmQiLCJfYXV0aF91c2VyX2hhc2giOiJjZjNjOWZiNWIyNWJhYmNlMjg5NDM4Y2RlODYzNmRhNTg0MTg0MGI4In0=", "expire_date": "2020-02-13T21:23:41.683Z"}}, {"model": "sessions.session", "pk": "buozeb0c80rvwpe90dy84ct2sko5t1wz", "fields": {"session_data": "OTEzY2I3ZjRmNTZiOTgwOGFkYjlkODAxYjIzMzQ1NjllZGIyYTljMzp7Il9hdXRoX3VzZXJfaWQiOiIzIiwiX2F1dGhfdXNlcl9iYWNrZW5kIjoiZGphbmdvLmNvbnRyaWIuYXV0aC5iYWNrZW5kcy5Nb2RlbEJhY2tlbmQiLCJfYXV0aF91c2VyX2hhc2giOiJjZjNjOWZiNWIyNWJhYmNlMjg5NDM4Y2RlODYzNmRhNTg0MTg0MGI4In0=", "expire_date": "2020-01-31T12:19:13.747Z"}}, {"model": "sessions.session", "pk": "hi3mz14szkx2ah3hlunrub2h6jhbw73f", "fields": {"session_data": "NzVhYjM3YWNjMzMwYWIzOTFkM2Q2Nzc3Njc0NzFmMmViZTQ5YjMxNjp7Il9hdXRoX3VzZXJfYmFja2VuZCI6ImRqYW5nby5jb250cmliLmF1dGguYmFja2VuZHMuTW9kZWxCYWNrZW5kIiwiX2F1dGhfdXNlcl9oYXNoIjoiZjNiZTQ0MTMwODAwNWYyOGJmNzEyYmQ3NmEzODUwNjcwOTg1MjI1YSIsIl9hdXRoX3VzZXJfaWQiOiIxIn0=", "expire_date": "2019-05-12T13:04:08.776Z"}}, {"model": "sessions.session", "pk": "ilrdfc6o80mgxfbtj5nq29vzj5pfqs9b", "fields": {"session_data": "OTEzY2I3ZjRmNTZiOTgwOGFkYjlkODAxYjIzMzQ1NjllZGIyYTljMzp7Il9hdXRoX3VzZXJfaWQiOiIzIiwiX2F1dGhfdXNlcl9iYWNrZW5kIjoiZGphbmdvLmNvbnRyaWIuYXV0aC5iYWNrZW5kcy5Nb2RlbEJhY2tlbmQiLCJfYXV0aF91c2VyX2hhc2giOiJjZjNjOWZiNWIyNWJhYmNlMjg5NDM4Y2RlODYzNmRhNTg0MTg0MGI4In0=", "expire_date": "2020-02-15T08:11:57.068Z"}}, {"model": "sessions.session", "pk": "oq3mlp68nqcryy3zbrubhs6y2vuhx2f6", "fields": {"session_data": "OTEzY2I3ZjRmNTZiOTgwOGFkYjlkODAxYjIzMzQ1NjllZGIyYTljMzp7Il9hdXRoX3VzZXJfaWQiOiIzIiwiX2F1dGhfdXNlcl9iYWNrZW5kIjoiZGphbmdvLmNvbnRyaWIuYXV0aC5iYWNrZW5kcy5Nb2RlbEJhY2tlbmQiLCJfYXV0aF91c2VyX2hhc2giOiJjZjNjOWZiNWIyNWJhYmNlMjg5NDM4Y2RlODYzNmRhNTg0MTg0MGI4In0=", "expire_date": "2020-01-30T18:44:52.435Z"}}, {"model": "sessions.session", "pk": "tptebi10by558x86k7j300rwp28np55e", "fields": {"session_data": "ZmFkZWIyMWY2ZTdjMjE4ZDkwZjA5OWVlMGJhZTRhYWRiZjg4N2M1Yzp7Il9hdXRoX3VzZXJfaWQiOiIyIiwiX2F1dGhfdXNlcl9iYWNrZW5kIjoiZGphbmdvLmNvbnRyaWIuYXV0aC5iYWNrZW5kcy5Nb2RlbEJhY2tlbmQiLCJfYXV0aF91c2VyX2hhc2giOiJkZTE1ZWQ2NWNlMjQ5ODJhMDMxMjFiOWJjNzAyMjc3ZTNlYmNlMWIzIn0=", "expire_date": "2019-12-13T11:40:38.281Z"}}, {"model": "sessions.session", "pk": "wrv3h8i5mlfclaobmypw9khdxoxlkujl", "fields": {"session_data": "MTNkNTMwMWI2OWY4NTk4OGYyYjk1MDM0MmM2ZWM1OGU5NGFlYmE4Mzp7Il9hdXRoX3VzZXJfaWQiOiIxIiwiX2F1dGhfdXNlcl9iYWNrZW5kIjoiZGphbmdvLmNvbnRyaWIuYXV0aC5iYWNrZW5kcy5Nb2RlbEJhY2tlbmQiLCJfYXV0aF91c2VyX2hhc2giOiJmM2JlNDQxMzA4MDA1ZjI4YmY3MTJiZDc2YTM4NTA2NzA5ODUyMjVhIn0=", "expire_date": "2019-05-27T14:06:38.312Z"}}, {"model": "auth.permission", "pk": 1, "fields": {"name": "Can add log entry", "content_type": 1, "codename": "add_logentry"}}, {"model": "auth.permission", "pk": 2, "fields": {"name": "Can change log entry", "content_type": 1, "codename": "change_logentry"}}, {"model": "auth.permission", "pk": 3, "fields": {"name": "Can delete log entry", "content_type": 1, "codename": "delete_logentry"}}, {"model": "auth.permission", "pk": 4, "fields": {"name": "Can view log entry", "content_type": 1, "codename": "view_logentry"}}, {"model": "auth.permission", "pk": 5, "fields": {"name": "Can add user", "content_type": 2, "codename": "add_user"}}, {"model": "auth.permission", "pk": 6, "fields": {"name": "Can change user", "content_type": 2, "codename": "change_user"}}, {"model": "auth.permission", "pk": 7, "fields": {"name": "Can delete user", "content_type": 2, "codename": "delete_user"}}, {"model": "auth.permission", "pk": 8, "fields": {"name": "Can view user", "content_type": 2, "codename": "view_user"}}, {"model": "auth.permission", "pk": 9, "fields": {"name": "Can add group", "content_type": 3, "codename": "add_group"}}, {"model": "auth.permission", "pk": 10, "fields": {"name": "Can change group", "content_type": 3, "codename": "change_group"}}, {"model": "auth.permission", "pk": 11, "fields": {"name": "Can delete group", "content_type": 3, "codename": "delete_group"}}, {"model": "auth.permission", "pk": 12, "fields": {"name": "Can view group", "content_type": 3, "codename": "view_group"}}, {"model": "auth.permission", "pk": 13, "fields": {"name": "Can add permission", "content_type": 4, "codename": "add_permission"}}, {"model": "auth.permission", "pk": 14, "fields": {"name": "Can change permission", "content_type": 4, "codename": "change_permission"}}, {"model": "auth.permission", "pk": 15, "fields": {"name": "Can delete permission", "content_type": 4, "codename": "delete_permission"}}, {"model": "auth.permission", "pk": 16, "fields": {"name": "Can view permission", "content_type": 4, "codename": "view_permission"}}, {"model": "auth.permission", "pk": 17, "fields": {"name": "Can add content type", "content_type": 5, "codename": "add_contenttype"}}, {"model": "auth.permission", "pk": 18, "fields": {"name": "Can change content type", "content_type": 5, "codename": "change_contenttype"}}, {"model": "auth.permission", "pk": 19, "fields": {"name": "Can delete content type", "content_type": 5, "codename": "delete_contenttype"}}, {"model": "auth.permission", "pk": 20, "fields": {"name": "Can view content type", "content_type": 5, "codename": "view_contenttype"}}, {"model": "auth.permission", "pk": 21, "fields": {"name": "Can add session", "content_type": 6, "codename": "add_session"}}, {"model": "auth.permission", "pk": 22, "fields": {"name": "Can change session", "content_type": 6, "codename": "change_session"}}, {"model": "auth.permission", "pk": 23, "fields": {"name": "Can delete session", "content_type": 6, "codename": "delete_session"}}, {"model": "auth.permission", "pk": 24, "fields": {"name": "Can view session", "content_type": 6, "codename": "view_session"}}, {"model": "auth.permission", "pk": 25, "fields": {"name": "Can add chat", "content_type": 7, "codename": "add_chat"}}, {"model": "auth.permission", "pk": 26, "fields": {"name": "Can change chat", "content_type": 7, "codename": "change_chat"}}, {"model": "auth.permission", "pk": 27, "fields": {"name": "Can delete chat", "content_type": 7, "codename": "delete_chat"}}, {"model": "auth.permission", "pk": 28, "fields": {"name": "Can view chat", "content_type": 7, "codename": "view_chat"}}, {"model": "auth.permission", "pk": 29, "fields": {"name": "Can add item", "content_type": 8, "codename": "add_item"}}, {"model": "auth.permission", "pk": 30, "fields": {"name": "Can change item", "content_type": 8, "codename": "change_item"}}, {"model": "auth.permission", "pk": 31, "fields": {"name": "Can delete item", "content_type": 8, "codename": "delete_item"}}, {"model": "auth.permission", "pk": 32, "fields": {"name": "Can view item", "content_type": 8, "codename": "view_item"}}, {"model": "auth.permission", "pk": 33, "fields": {"name": "Can add message", "content_type": 9, "codename": "add_message"}}, {"model": "auth.permission", "pk": 34, "fields": {"name": "Can change message", "content_type": 9, "codename": "change_message"}}, {"model": "auth.permission", "pk": 35, "fields": {"name": "Can delete message", "content_type": 9, "codename": "delete_message"}}, {"model": "auth.permission", "pk": 36, "fields": {"name": "Can view message", "content_type": 9, "codename": "view_message"}}, {"model": "auth.permission", "pk": 37, "fields": {"name": "Can add ssp", "content_type": 10, "codename": "add_ssp"}}, {"model": "auth.permission", "pk": 38, "fields": {"name": "Can change ssp", "content_type": 10, "codename": "change_ssp"}}, {"model": "auth.permission", "pk": 39, "fields": {"name": "Can delete ssp", "content_type": 10, "codename": "delete_ssp"}}, {"model": "auth.permission", "pk": 40, "fields": {"name": "Can view ssp", "content_type": 10, "codename": "view_ssp"}}, {"model": "auth.permission", "pk": 41, "fields": {"name": "Can add chat", "content_type": 11, "codename": "add_chat"}}, {"model": "auth.permission", "pk": 42, "fields": {"name": "Can change chat", "content_type": 11, "codename": "change_chat"}}, {"model": "auth.permission", "pk": 43, "fields": {"name": "Can delete chat", "content_type": 11, "codename": "delete_chat"}}, {"model": "auth.permission", "pk": 44, "fields": {"name": "Can view chat", "content_type": 11, "codename": "view_chat"}}, {"model": "auth.permission", "pk": 45, "fields": {"name": "Can add word", "content_type": 12, "codename": "add_word"}}, {"model": "auth.permission", "pk": 46, "fields": {"name": "Can change word", "content_type": 12, "codename": "change_word"}}, {"model": "auth.permission", "pk": 47, "fields": {"name": "Can delete word", "content_type": 12, "codename": "delete_word"}}, {"model": "auth.permission", "pk": 48, "fields": {"name": "Can view word", "content_type": 12, "codename": "view_word"}}, {"model": "auth.permission", "pk": 49, "fields": {"name": "Can add translation", "content_type": 13, "codename": "add_translation"}}, {"model": "auth.permission", "pk": 50, "fields": {"name": "Can change translation", "content_type": 13, "codename": "change_translation"}}, {"model": "auth.permission", "pk": 51, "fields": {"name": "Can delete translation", "content_type": 13, "codename": "delete_translation"}}, {"model": "auth.permission", "pk": 52, "fields": {"name": "Can view translation", "content_type": 13, "codename": "view_translation"}}, {"model": "auth.permission", "pk": 53, "fields": {"name": "Can add engine", "content_type": 14, "codename": "add_engine"}}, {"model": "auth.permission", "pk": 54, "fields": {"name": "Can change engine", "content_type": 14, "codename": "change_engine"}}, {"model": "auth.permission", "pk": 55, "fields": {"name": "Can delete engine", "content_type": 14, "codename": "delete_engine"}}, {"model": "auth.permission", "pk": 56, "fields": {"name": "Can view engine", "content_type": 14, "codename": "view_engine"}}, {"model": "auth.permission", "pk": 57, "fields": {"name": "Can add language", "content_type": 15, "codename": "add_language"}}, {"model": "auth.permission", "pk": 58, "fields": {"name": "Can change language", "content_type": 15, "codename": "change_language"}}, {"model": "auth.permission", "pk": 59, "fields": {"name": "Can delete language", "content_type": 15, "codename": "delete_language"}}, {"model": "auth.permission", "pk": 60, "fields": {"name": "Can view language", "content_type": 15, "codename": "view_language"}}, {"model": "auth.permission", "pk": 61, "fields": {"name": "Can add tele user", "content_type": 16, "codename": "add_teleuser"}}, {"model": "auth.permission", "pk": 62, "fields": {"name": "Can change tele user", "content_type": 16, "codename": "change_teleuser"}}, {"model": "auth.permission", "pk": 63, "fields": {"name": "Can delete tele user", "content_type": 16, "codename": "delete_teleuser"}}, {"model": "auth.permission", "pk": 64, "fields": {"name": "Can view tele user", "content_type": 16, "codename": "view_teleuser"}}, {"model": "auth.permission", "pk": 65, "fields": {"name": "Can add bot", "content_type": 17, "codename": "add_bot"}}, {"model": "auth.permission", "pk": 66, "fields": {"name": "Can change bot", "content_type": 17, "codename": "change_bot"}}, {"model": "auth.permission", "pk": 67, "fields": {"name": "Can delete bot", "content_type": 17, "codename": "delete_bot"}}, {"model": "auth.permission", "pk": 68, "fields": {"name": "Can view bot", "content_type": 17, "codename": "view_bot"}}, {"model": "auth.permission", "pk": 69, "fields": {"name": "Can add chat", "content_type": 18, "codename": "add_chat"}}, {"model": "auth.permission", "pk": 70, "fields": {"name": "Can change chat", "content_type": 18, "codename": "change_chat"}}, {"model": "auth.permission", "pk": 71, "fields": {"name": "Can delete chat", "content_type": 18, "codename": "delete_chat"}}, {"model": "auth.permission", "pk": 72, "fields": {"name": "Can view chat", "content_type": 18, "codename": "view_chat"}}, {"model": "auth.permission", "pk": 73, "fields": {"name": "Can add message", "content_type": 19, "codename": "add_message"}}, {"model": "auth.permission", "pk": 74, "fields": {"name": "Can change message", "content_type": 19, "codename": "change_message"}}, {"model": "auth.permission", "pk": 75, "fields": {"name": "Can delete message", "content_type": 19, "codename": "delete_message"}}, {"model": "auth.permission", "pk": 76, "fields": {"name": "Can view message", "content_type": 19, "codename": "view_message"}}, {"model": "auth.permission", "pk": 77, "fields": {"name": "Can add location", "content_type": 20, "codename": "add_location"}}, {"model": "auth.permission", "pk": 78, "fields": {"name": "Can change location", "content_type": 20, "codename": "change_location"}}, {"model": "auth.permission", "pk": 79, "fields": {"name": "Can delete location", "content_type": 20, "codename": "delete_location"}}, {"model": "auth.permission", "pk": 80, "fields": {"name": "Can view location", "content_type": 20, "codename": "view_location"}}, {"model": "auth.permission", "pk": 81, "fields": {"name": "Can add event", "content_type": 21, "codename": "add_event"}}, {"model": "auth.permission", "pk": 82, "fields": {"name": "Can change event", "content_type": 21, "codename": "change_event"}}, {"model": "auth.permission", "pk": 83, "fields": {"name": "Can delete event", "content_type": 21, "codename": "delete_event"}}, {"model": "auth.permission", "pk": 84, "fields": {"name": "Can view event", "content_type": 21, "codename": "view_event"}}, {"model": "auth.permission", "pk": 85, "fields": {"name": "Can add kicken user", "content_type": 22, "codename": "add_kickenuser"}}, {"model": "auth.permission", "pk": 86, "fields": {"name": "Can change kicken user", "content_type": 22, "codename": "change_kickenuser"}}, {"model": "auth.permission", "pk": 87, "fields": {"name": "Can delete kicken user", "content_type": 22, "codename": "delete_kickenuser"}}, {"model": "auth.permission", "pk": 88, "fields": {"name": "Can view kicken user", "content_type": 22, "codename": "view_kickenuser"}}, {"model": "auth.permission", "pk": 89, "fields": {"name": "Can add leibchen", "content_type": 23, "codename": "add_leibchen"}}, {"model": "auth.permission", "pk": 90, "fields": {"name": "Can change leibchen", "content_type": 23, "codename": "change_leibchen"}}, {"model": "auth.permission", "pk": 91, "fields": {"name": "Can delete leibchen", "content_type": 23, "codename": "delete_leibchen"}}, {"model": "auth.permission", "pk": 92, "fields": {"name": "Can view leibchen", "content_type": 23, "codename": "view_leibchen"}}, {"model": "auth.permission", "pk": 93, "fields": {"name": "Can add telebot user", "content_type": 24, "codename": "add_telebotuser"}}, {"model": "auth.permission", "pk": 94, "fields": {"name": "Can change telebot user", "content_type": 24, "codename": "change_telebotuser"}}, {"model": "auth.permission", "pk": 95, "fields": {"name": "Can delete telebot user", "content_type": 24, "codename": "delete_telebotuser"}}, {"model": "auth.permission", "pk": 96, "fields": {"name": "Can view telebot user", "content_type": 24, "codename": "view_telebotuser"}}, {"model": "auth.permission", "pk": 97, "fields": {"name": "Can add participation", "content_type": 25, "codename": "add_participation"}}, {"model": "auth.permission", "pk": 98, "fields": {"name": "Can change participation", "content_type": 25, "codename": "change_participation"}}, {"model": "auth.permission", "pk": 99, "fields": {"name": "Can delete participation", "content_type": 25, "codename": "delete_participation"}}, {"model": "auth.permission", "pk": 100, "fields": {"name": "Can view participation", "content_type": 25, "codename": "view_participation"}}, {"model": "auth.permission", "pk": 101, "fields": {"name": "Can add location alias", "content_type": 26, "codename": "add_locationalias"}}, {"model": "auth.permission", "pk": 102, "fields": {"name": "Can change location alias", "content_type": 26, "codename": "change_locationalias"}}, {"model": "auth.permission", "pk": 103, "fields": {"name": "Can delete location alias", "content_type": 26, "codename": "delete_locationalias"}}, {"model": "auth.permission", "pk": 104, "fields": {"name": "Can view location alias", "content_type": 26, "codename": "view_locationalias"}}, {"model": "auth.permission", "pk": 105, "fields": {"name": "Can add ball", "content_type": 27, "codename": "add_ball"}}, {"model": "auth.permission", "pk": 106, "fields": {"name": "Can change ball", "content_type": 27, "codename": "change_ball"}}, {"model": "auth.permission", "pk": 107, "fields": {"name": "Can delete ball", "content_type": 27, "codename": "delete_ball"}}, {"model": "auth.permission", "pk": 108, "fields": {"name": "Can view ball", "content_type": 27, "codename": "view_ball"}}, {"model": "auth.permission", "pk": 109, "fields": {"name": "Can add chat", "content_type": 28, "codename": "add_chat"}}, {"model": "auth.permission", "pk": 110, "fields": {"name": "Can change chat", "content_type": 28, "codename": "change_chat"}}, {"model": "auth.permission", "pk": 111, "fields": {"name": "Can delete chat", "content_type": 28, "codename": "delete_chat"}}, {"model": "auth.permission", "pk": 112, "fields": {"name": "Can view chat", "content_type": 28, "codename": "view_chat"}}, {"model": "auth.permission", "pk": 113, "fields": {"name": "Can add canteen", "content_type": 29, "codename": "add_canteen"}}, {"model": "auth.permission", "pk": 114, "fields": {"name": "Can change canteen", "content_type": 29, "codename": "change_canteen"}}, {"model": "auth.permission", "pk": 115, "fields": {"name": "Can delete canteen", "content_type": 29, "codename": "delete_canteen"}}, {"model": "auth.permission", "pk": 116, "fields": {"name": "Can view canteen", "content_type": 29, "codename": "view_canteen"}}, {"model": "auth.permission", "pk": 117, "fields": {"name": "Can add mensa user", "content_type": 30, "codename": "add_mensauser"}}, {"model": "auth.permission", "pk": 118, "fields": {"name": "Can change mensa user", "content_type": 30, "codename": "change_mensauser"}}, {"model": "auth.permission", "pk": 119, "fields": {"name": "Can delete mensa user", "content_type": 30, "codename": "delete_mensauser"}}, {"model": "auth.permission", "pk": 120, "fields": {"name": "Can view mensa user", "content_type": 30, "codename": "view_mensauser"}}, {"model": "auth.permission", "pk": 121, "fields": {"name": "Can add category", "content_type": 31, "codename": "add_category"}}, {"model": "auth.permission", "pk": 122, "fields": {"name": "Can change category", "content_type": 31, "codename": "change_category"}}, {"model": "auth.permission", "pk": 123, "fields": {"name": "Can delete category", "content_type": 31, "codename": "delete_category"}}, {"model": "auth.permission", "pk": 124, "fields": {"name": "Can view category", "content_type": 31, "codename": "view_category"}}, {"model": "auth.permission", "pk": 125, "fields": {"name": "Can add profile", "content_type": 32, "codename": "add_profile"}}, {"model": "auth.permission", "pk": 126, "fields": {"name": "Can change profile", "content_type": 32, "codename": "change_profile"}}, {"model": "auth.permission", "pk": 127, "fields": {"name": "Can delete profile", "content_type": 32, "codename": "delete_profile"}}, {"model": "auth.permission", "pk": 128, "fields": {"name": "Can view profile", "content_type": 32, "codename": "view_profile"}}, {"model": "auth.permission", "pk": 129, "fields": {"name": "Can add addon", "content_type": 33, "codename": "add_addon"}}, {"model": "auth.permission", "pk": 130, "fields": {"name": "Can change addon", "content_type": 33, "codename": "change_addon"}}, {"model": "auth.permission", "pk": 131, "fields": {"name": "Can delete addon", "content_type": 33, "codename": "delete_addon"}}, {"model": "auth.permission", "pk": 132, "fields": {"name": "Can view addon", "content_type": 33, "codename": "view_addon"}}, {"model": "auth.permission", "pk": 133, "fields": {"name": "Can add character", "content_type": 34, "codename": "add_character"}}, {"model": "auth.permission", "pk": 134, "fields": {"name": "Can change character", "content_type": 34, "codename": "change_character"}}, {"model": "auth.permission", "pk": 135, "fields": {"name": "Can delete character", "content_type": 34, "codename": "delete_character"}}, {"model": "auth.permission", "pk": 136, "fields": {"name": "Can view character", "content_type": 34, "codename": "view_character"}}, {"model": "auth.permission", "pk": 137, "fields": {"name": "Can add char stat", "content_type": 35, "codename": "add_charstat"}}, {"model": "auth.permission", "pk": 138, "fields": {"name": "Can change char stat", "content_type": 35, "codename": "change_charstat"}}, {"model": "auth.permission", "pk": 139, "fields": {"name": "Can delete char stat", "content_type": 35, "codename": "delete_charstat"}}, {"model": "auth.permission", "pk": 140, "fields": {"name": "Can view char stat", "content_type": 35, "codename": "view_charstat"}}, {"model": "auth.permission", "pk": 141, "fields": {"name": "Can add stat", "content_type": 36, "codename": "add_stat"}}, {"model": "auth.permission", "pk": 142, "fields": {"name": "Can change stat", "content_type": 36, "codename": "change_stat"}}, {"model": "auth.permission", "pk": 143, "fields": {"name": "Can delete stat", "content_type": 36, "codename": "delete_stat"}}, {"model": "auth.permission", "pk": 144, "fields": {"name": "Can view stat", "content_type": 36, "codename": "view_stat"}}, {"model": "auth.permission", "pk": 145, "fields": {"name": "Can add projekt47 user", "content_type": 37, "codename": "add_projekt47user"}}, {"model": "auth.permission", "pk": 146, "fields": {"name": "Can change projekt47 user", "content_type": 37, "codename": "change_projekt47user"}}, {"model": "auth.permission", "pk": 147, "fields": {"name": "Can delete projekt47 user", "content_type": 37, "codename": "delete_projekt47user"}}, {"model": "auth.permission", "pk": 148, "fields": {"name": "Can view projekt47 user", "content_type": 37, "codename": "view_projekt47user"}}, {"model": "auth.permission", "pk": 149, "fields": {"name": "Can add game", "content_type": 38, "codename": "add_game"}}, {"model": "auth.permission", "pk": 150, "fields": {"name": "Can change game", "content_type": 38, "codename": "change_game"}}, {"model": "auth.permission", "pk": 151, "fields": {"name": "Can delete game", "content_type": 38, "codename": "delete_game"}}, {"model": "auth.permission", "pk": 152, "fields": {"name": "Can view game", "content_type": 38, "codename": "view_game"}}, {"model": "auth.permission", "pk": 153, "fields": {"name": "Can add action", "content_type": 39, "codename": "add_action"}}, {"model": "auth.permission", "pk": 154, "fields": {"name": "Can change action", "content_type": 39, "codename": "change_action"}}, {"model": "auth.permission", "pk": 155, "fields": {"name": "Can delete action", "content_type": 39, "codename": "delete_action"}}, {"model": "auth.permission", "pk": 156, "fields": {"name": "Can view action", "content_type": 39, "codename": "view_action"}}, {"model": "auth.permission", "pk": 157, "fields": {"name": "Can add char action", "content_type": 40, "codename": "add_charaction"}}, {"model": "auth.permission", "pk": 158, "fields": {"name": "Can change char action", "content_type": 40, "codename": "change_charaction"}}, {"model": "auth.permission", "pk": 159, "fields": {"name": "Can delete char action", "content_type": 40, "codename": "delete_charaction"}}, {"model": "auth.permission", "pk": 160, "fields": {"name": "Can view char action", "content_type": 40, "codename": "view_charaction"}}, {"model": "auth.permission", "pk": 161, "fields": {"name": "Can add Abenteuer", "content_type": 41, "codename": "add_adventure"}}, {"model": "auth.permission", "pk": 162, "fields": {"name": "Can change Abenteuer", "content_type": 41, "codename": "change_adventure"}}, {"model": "auth.permission", "pk": 163, "fields": {"name": "Can delete Abenteuer", "content_type": 41, "codename": "delete_adventure"}}, {"model": "auth.permission", "pk": 164, "fields": {"name": "Can view Abenteuer", "content_type": 41, "codename": "view_adventure"}}, {"model": "auth.permission", "pk": 165, "fields": {"name": "Can add session", "content_type": 42, "codename": "add_session"}}, {"model": "auth.permission", "pk": 166, "fields": {"name": "Can change session", "content_type": 42, "codename": "change_session"}}, {"model": "auth.permission", "pk": 167, "fields": {"name": "Can delete session", "content_type": 42, "codename": "delete_session"}}, {"model": "auth.permission", "pk": 168, "fields": {"name": "Can view session", "content_type": 42, "codename": "view_session"}}, {"model": "auth.permission", "pk": 169, "fields": {"name": "Can add meta card", "content_type": 43, "codename": "add_metacard"}}, {"model": "auth.permission", "pk": 170, "fields": {"name": "Can change meta card", "content_type": 43, "codename": "change_metacard"}}, {"model": "auth.permission", "pk": 171, "fields": {"name": "Can delete meta card", "content_type": 43, "codename": "delete_metacard"}}, {"model": "auth.permission", "pk": 172, "fields": {"name": "Can view meta card", "content_type": 43, "codename": "view_metacard"}}, {"model": "auth.permission", "pk": 173, "fields": {"name": "Can add names", "content_type": 44, "codename": "add_names"}}, {"model": "auth.permission", "pk": 174, "fields": {"name": "Can change names", "content_type": 44, "codename": "change_names"}}, {"model": "auth.permission", "pk": 175, "fields": {"name": "Can delete names", "content_type": 44, "codename": "delete_names"}}, {"model": "auth.permission", "pk": 176, "fields": {"name": "Can view names", "content_type": 44, "codename": "view_names"}}, {"model": "auth.permission", "pk": 177, "fields": {"name": "Can add default name", "content_type": 44, "codename": "add_defaultname"}}, {"model": "auth.permission", "pk": 178, "fields": {"name": "Can change default name", "content_type": 44, "codename": "change_defaultname"}}, {"model": "auth.permission", "pk": 179, "fields": {"name": "Can delete default name", "content_type": 44, "codename": "delete_defaultname"}}, {"model": "auth.permission", "pk": 180, "fields": {"name": "Can view default name", "content_type": 44, "codename": "view_defaultname"}}, {"model": "auth.user", "pk": 1, "fields": {"password": "pbkdf2_sha256$120000$reTRQ5OVKWex$EE104+dZBrPvJ3soYhzW4CewxkHN+93ix0YI84rNIAE=", "last_login": "2019-05-13T14:06:38.308Z", "is_superuser": true, "username": "sarbot", "first_name": "", "last_name": "", "email": "mail@sarbot.de", "is_staff": true, "is_active": true, "date_joined": "2019-04-28T13:03:58Z", "groups": [], "user_permissions": [1, 2, 3, 4, 9, 10, 11, 12, 13, 14, 15, 16, 5, 6, 7, 8, 17, 18, 19, 20, 21, 22, 23, 24]}}, {"model": "auth.user", "pk": 2, "fields": {"password": "pbkdf2_sha256$150000$ig1qZOdk287y$IReqhFUjW5G9ngaOor6ROPFaG/qspUP+3bi+yQ+/uOc=", "last_login": "2019-11-29T11:40:38.278Z", "is_superuser": true, "username": "admin", "first_name": "", "last_name": "", "email": "mail@sarbot.de", "is_staff": true, "is_active": true, "date_joined": "2019-10-11T15:53:57.372Z", "groups": [], "user_permissions": []}}, {"model": "auth.user", "pk": 3, "fields": {"password": "pbkdf2_sha256$150000$6ZVViFyIOuCC$nvHRO68/1HemQzkuhLrAj14m9UOagjnRYLfazSBUXUU=", "last_login": "2020-02-01T08:11:57.062Z", "is_superuser": true, "username": "telebotter", "first_name": "", "last_name": "", "email": "telebotter@sarbot.de", "is_staff": true, "is_active": true, "date_joined": "2020-01-16T18:44:44.515Z", "groups": [], "user_permissions": []}}, {"model": "admin.logentry", "pk": 1, "fields": {"action_time": "2019-04-28T13:41:43.661Z", "user": 1, "content_type": 2, "object_id": "1", "object_repr": "sarbot", "action_flag": 2, "change_message": "[{\"changed\": {\"fields\": [\"user_permissions\"]}}]"}}, {"model": "admin.logentry", "pk": 2, "fields": {"action_time": "2019-05-04T02:00:27.964Z", "user": 1, "content_type": 17, "object_id": "1", "object_repr": "Bot object (1)", "action_flag": 1, "change_message": "[{\"added\": {}}]"}}, {"model": "admin.logentry", "pk": 3, "fields": {"action_time": "2019-05-04T02:03:22.812Z", "user": 1, "content_type": 17, "object_id": "2", "object_repr": "Bot object (2)", "action_flag": 1, "change_message": "[{\"added\": {}}]"}}, {"model": "admin.logentry", "pk": 4, "fields": {"action_time": "2019-05-04T02:04:07.998Z", "user": 1, "content_type": 17, "object_id": "3", "object_repr": "Bot object (3)", "action_flag": 1, "change_message": "[{\"added\": {}}]"}}, {"model": "admin.logentry", "pk": 5, "fields": {"action_time": "2019-05-04T02:06:37.998Z", "user": 1, "content_type": 17, "object_id": "4", "object_repr": "Bot object (4)", "action_flag": 1, "change_message": "[{\"added\": {}}]"}}, {"model": "admin.logentry", "pk": 6, "fields": {"action_time": "2019-05-04T16:21:51.998Z", "user": 1, "content_type": 17, "object_id": "3", "object_repr": "Bot object (3)", "action_flag": 2, "change_message": "[{\"changed\": {\"fields\": [\"avatar\"]}}]"}}, {"model": "admin.logentry", "pk": 7, "fields": {"action_time": "2019-05-04T17:15:02.422Z", "user": 1, "content_type": 17, "object_id": "5", "object_repr": "Mensa Bot", "action_flag": 1, "change_message": "[{\"added\": {}}]"}}, {"model": "admin.logentry", "pk": 8, "fields": {"action_time": "2019-05-05T00:54:45.212Z", "user": 1, "content_type": 17, "object_id": "6", "object_repr": "Vokabel Bot", "action_flag": 1, "change_message": "[{\"added\": {}}]"}}, {"model": "admin.logentry", "pk": 9, "fields": {"action_time": "2019-05-05T01:16:13.833Z", "user": 1, "content_type": 17, "object_id": "4", "object_repr": "Listen Bot", "action_flag": 2, "change_message": "[{\"changed\": {\"fields\": [\"avatar\"]}}]"}}, {"model": "admin.logentry", "pk": 10, "fields": {"action_time": "2019-05-05T01:16:49.777Z", "user": 1, "content_type": 17, "object_id": "2", "object_repr": "Wetter Bot", "action_flag": 2, "change_message": "[{\"changed\": {\"fields\": [\"promote\"]}}]"}}, {"model": "admin.logentry", "pk": 11, "fields": {"action_time": "2019-11-29T11:57:56.766Z", "user": 2, "content_type": 29, "object_id": "167", "object_repr": "Uni Mensa", "action_flag": 1, "change_message": "[{\"added\": {}}]"}}, {"model": "admin.logentry", "pk": 12, "fields": {"action_time": "2019-11-29T11:58:59.228Z", "user": 2, "content_type": 29, "object_id": "201", "object_repr": "NW1 Mensa", "action_flag": 1, "change_message": "[{\"added\": {}}]"}}, {"model": "admin.logentry", "pk": 13, "fields": {"action_time": "2019-11-29T12:02:13.938Z", "user": 2, "content_type": 31, "object_id": "3", "object_repr": "Uni Mensa: Essen 1", "action_flag": 1, "change_message": "[{\"added\": {}}]"}}, {"model": "admin.logentry", "pk": 14, "fields": {"action_time": "2019-11-29T12:02:24.643Z", "user": 2, "content_type": 31, "object_id": "4", "object_repr": "Uni Mensa: Essen 2", "action_flag": 1, "change_message": "[{\"added\": {}}]"}}, {"model": "admin.logentry", "pk": 15, "fields": {"action_time": "2019-11-29T12:03:05.039Z", "user": 2, "content_type": 31, "object_id": "5", "object_repr": "Uni Mensa: Vegetarische Theke", "action_flag": 1, "change_message": "[{\"added\": {}}]"}}, {"model": "admin.logentry", "pk": 16, "fields": {"action_time": "2019-11-29T12:03:23.405Z", "user": 2, "content_type": 31, "object_id": "6", "object_repr": "Uni Mensa: Pfanne, Wok & Co.", "action_flag": 1, "change_message": "[{\"added\": {}}]"}}, {"model": "admin.logentry", "pk": 17, "fields": {"action_time": "2019-11-29T12:03:43.699Z", "user": 2, "content_type": 31, "object_id": "7", "object_repr": "Uni Mensa: Aufl\u00e4ufe & Gratin", "action_flag": 1, "change_message": "[{\"added\": {}}]"}}, {"model": "admin.logentry", "pk": 18, "fields": {"action_time": "2019-11-29T12:04:22.669Z", "user": 2, "content_type": 31, "object_id": "8", "object_repr": "Uni Mensa: Veganes Wochenangebot,pro 100gSelbstbedienung", "action_flag": 1, "change_message": "[{\"added\": {}}]"}}, {"model": "admin.logentry", "pk": 19, "fields": {"action_time": "2019-11-29T12:04:30.273Z", "user": 2, "content_type": 31, "object_id": "9", "object_repr": "NW1 Mensa: Essen 1", "action_flag": 1, "change_message": "[{\"added\": {}}]"}}, {"model": "admin.logentry", "pk": 20, "fields": {"action_time": "2019-11-29T12:04:36.277Z", "user": 2, "content_type": 31, "object_id": "10", "object_repr": "NW1 Mensa: Essen 2", "action_flag": 1, "change_message": "[{\"added\": {}}]"}}, {"model": "admin.logentry", "pk": 21, "fields": {"action_time": "2019-11-29T12:04:58.537Z", "user": 2, "content_type": 31, "object_id": "11", "object_repr": "NW1 Mensa: Zusatzangebot", "action_flag": 1, "change_message": "[{\"added\": {}}]"}}, {"model": "admin.logentry", "pk": 22, "fields": {"action_time": "2019-11-29T12:05:48.732Z", "user": 2, "content_type": 32, "object_id": "1", "object_repr": "Profile object (1)", "action_flag": 1, "change_message": "[{\"added\": {}}]"}}, {"model": "admin.logentry", "pk": 23, "fields": {"action_time": "2019-11-29T12:07:27.619Z", "user": 2, "content_type": 30, "object_id": "1", "object_repr": "Lukas", "action_flag": 2, "change_message": "[{\"changed\": {\"fields\": [\"profile\"]}}]"}}, {"model": "admin.logentry", "pk": 24, "fields": {"action_time": "2019-11-29T12:18:58.414Z", "user": 2, "content_type": 32, "object_id": "1", "object_repr": "Default Bremen", "action_flag": 2, "change_message": "[]"}}, {"model": "admin.logentry", "pk": 25, "fields": {"action_time": "2020-01-17T11:00:19.459Z", "user": 3, "content_type": 38, "object_id": "1", "object_repr": "Basis", "action_flag": 1, "change_message": "[{\"added\": {}}]"}}, {"model": "admin.logentry", "pk": 26, "fields": {"action_time": "2020-01-17T11:06:02.829Z", "user": 3, "content_type": 33, "object_id": "1", "object_repr": "Basis", "action_flag": 1, "change_message": "[{\"added\": {}}]"}}, {"model": "admin.logentry", "pk": 27, "fields": {"action_time": "2020-01-17T11:06:07.966Z", "user": 3, "content_type": 38, "object_id": "1", "object_repr": "Basis", "action_flag": 2, "change_message": "[{\"changed\": {\"fields\": [\"addons\"]}}]"}}, {"model": "admin.logentry", "pk": 28, "fields": {"action_time": "2020-01-18T01:00:52.749Z", "user": 3, "content_type": 33, "object_id": "2", "object_repr": "Winterspa\u00df", "action_flag": 1, "change_message": "[{\"added\": {}}]"}}, {"model": "admin.logentry", "pk": 29, "fields": {"action_time": "2020-01-18T01:02:34.965Z", "user": 3, "content_type": 33, "object_id": "3", "object_repr": "Weltraum", "action_flag": 1, "change_message": "[{\"added\": {}}]"}}, {"model": "admin.logentry", "pk": 30, "fields": {"action_time": "2020-01-18T01:05:08.022Z", "user": 3, "content_type": 33, "object_id": "4", "object_repr": "Mittelalter", "action_flag": 1, "change_message": "[{\"added\": {}}]"}}, {"model": "admin.logentry", "pk": 31, "fields": {"action_time": "2020-01-18T01:07:28.230Z", "user": 3, "content_type": 33, "object_id": "5", "object_repr": "Klassische Magie", "action_flag": 1, "change_message": "[{\"added\": {}}]"}}, {"model": "admin.logentry", "pk": 32, "fields": {"action_time": "2020-01-18T01:10:26.651Z", "user": 3, "content_type": 36, "object_id": "1", "object_repr": "Kraft [Basis]", "action_flag": 1, "change_message": "[{\"added\": {}}]"}}, {"model": "admin.logentry", "pk": 33, "fields": {"action_time": "2020-01-18T01:11:54.428Z", "user": 3, "content_type": 39, "object_id": "1", "object_repr": "Angriff [Basis]", "action_flag": 1, "change_message": "[{\"added\": {}}]"}}, {"model": "admin.logentry", "pk": 34, "fields": {"action_time": "2020-01-18T01:12:29.217Z", "user": 3, "content_type": 36, "object_id": "2", "object_repr": "Intelligenz [Basis]", "action_flag": 1, "change_message": "[{\"added\": {}}]"}}, {"model": "admin.logentry", "pk": 35, "fields": {"action_time": "2020-01-18T01:14:06.018Z", "user": 3, "content_type": 39, "object_id": "2", "object_repr": "Diskutieren [Basis]", "action_flag": 1, "change_message": "[{\"added\": {}}]"}}, {"model": "admin.logentry", "pk": 36, "fields": {"action_time": "2020-01-18T01:15:05.656Z", "user": 3, "content_type": 36, "object_id": "3", "object_repr": "Geschick [Basis]", "action_flag": 1, "change_message": "[{\"added\": {}}]"}}, {"model": "admin.logentry", "pk": 37, "fields": {"action_time": "2020-01-18T01:15:36.539Z", "user": 3, "content_type": 39, "object_id": "3", "object_repr": "Klettern [Basis]", "action_flag": 1, "change_message": "[{\"added\": {}}]"}}, {"model": "admin.logentry", "pk": 38, "fields": {"action_time": "2020-01-18T01:54:47.458Z", "user": 3, "content_type": 38, "object_id": "2", "object_repr": "Schneespiele", "action_flag": 1, "change_message": "[{\"added\": {}}]"}}, {"model": "admin.logentry", "pk": 39, "fields": {"action_time": "2020-01-18T01:55:22.904Z", "user": 3, "content_type": 39, "object_id": "4", "object_repr": "Schlittern [Winterspa\u00df]", "action_flag": 1, "change_message": "[{\"added\": {}}]"}}, {"model": "admin.logentry", "pk": 40, "fields": {"action_time": "2020-01-18T01:55:57.093Z", "user": 3, "content_type": 39, "object_id": "5", "object_repr": "Schneeball werfen [Winterspa\u00df]", "action_flag": 1, "change_message": "[{\"added\": {}}]"}}, {"model": "admin.logentry", "pk": 41, "fields": {"action_time": "2020-01-18T01:56:42.805Z", "user": 3, "content_type": 36, "object_id": "4", "object_repr": "Geschwindigkeit [Basis]", "action_flag": 1, "change_message": "[{\"added\": {}}]"}}, {"model": "admin.logentry", "pk": 42, "fields": {"action_time": "2020-01-18T01:57:09.717Z", "user": 3, "content_type": 39, "object_id": "6", "object_repr": "Einseifen [Winterspa\u00df]", "action_flag": 1, "change_message": "[{\"added\": {}}]"}}, {"model": "admin.logentry", "pk": 43, "fields": {"action_time": "2020-01-18T01:57:29.084Z", "user": 3, "content_type": 39, "object_id": "7", "object_repr": "Schneeman bauen [Winterspa\u00df]", "action_flag": 1, "change_message": "[{\"added\": {}}]"}}, {"model": "admin.logentry", "pk": 44, "fields": {"action_time": "2020-01-18T01:57:34.989Z", "user": 3, "content_type": 39, "object_id": "7", "object_repr": "Schneeman bauen [Winterspa\u00df]", "action_flag": 2, "change_message": "[{\"changed\": {\"fields\": [\"special\"]}}]"}}, {"model": "admin.logentry", "pk": 45, "fields": {"action_time": "2020-01-18T01:58:32.180Z", "user": 3, "content_type": 39, "object_id": "8", "object_repr": "Iglu Bauen [Winterspa\u00df]", "action_flag": 1, "change_message": "[{\"added\": {}}]"}}, {"model": "admin.logentry", "pk": 46, "fields": {"action_time": "2020-01-18T01:58:43.488Z", "user": 3, "content_type": 39, "object_id": "8", "object_repr": "Iglu bauen [Winterspa\u00df]", "action_flag": 2, "change_message": "[{\"changed\": {\"fields\": [\"name\"]}}]"}}, {"model": "admin.logentry", "pk": 47, "fields": {"action_time": "2020-01-18T01:59:26.091Z", "user": 3, "content_type": 39, "object_id": "9", "object_repr": "Tee trinken [Winterspa\u00df]", "action_flag": 1, "change_message": "[{\"added\": {}}]"}}, {"model": "admin.logentry", "pk": 48, "fields": {"action_time": "2020-01-18T01:59:45.896Z", "user": 3, "content_type": 39, "object_id": "10", "object_repr": "Gl\u00fchwein trinken [Winterspa\u00df]", "action_flag": 1, "change_message": "[{\"added\": {}}]"}}, {"model": "admin.logentry", "pk": 49, "fields": {"action_time": "2020-01-18T02:01:07.958Z", "user": 3, "content_type": 39, "object_id": "11", "object_repr": "Schlitten fahren [Winterspa\u00df]", "action_flag": 1, "change_message": "[{\"added\": {}}]"}}, {"model": "admin.logentry", "pk": 50, "fields": {"action_time": "2020-01-18T02:01:23.937Z", "user": 3, "content_type": 39, "object_id": "8", "object_repr": "Iglu bauen [Winterspa\u00df]", "action_flag": 2, "change_message": "[{\"changed\": {\"fields\": [\"stats\"]}}]"}}, {"model": "admin.logentry", "pk": 51, "fields": {"action_time": "2020-01-18T02:02:51.578Z", "user": 3, "content_type": 36, "object_id": "5", "object_repr": "W\u00e4rme [Winterspa\u00df]", "action_flag": 1, "change_message": "[{\"added\": {}}]"}}, {"model": "admin.logentry", "pk": 52, "fields": {"action_time": "2020-01-18T02:08:22.458Z", "user": 3, "content_type": 41, "object_id": "1", "object_repr": "Die Schneeballschlacht", "action_flag": 1, "change_message": "[{\"added\": {}}]"}}, {"model": "admin.logentry", "pk": 53, "fields": {"action_time": "2020-01-18T02:11:28.430Z", "user": 3, "content_type": 41, "object_id": "2", "object_repr": "Die zweite Schneeballschlacht", "action_flag": 1, "change_message": "[{\"added\": {}}]"}}, {"model": "admin.logentry", "pk": 54, "fields": {"action_time": "2020-01-18T02:13:24.176Z", "user": 3, "content_type": 41, "object_id": "3", "object_repr": "Der braune Drache", "action_flag": 1, "change_message": "[{\"added\": {}}]"}}, {"model": "admin.logentry", "pk": 55, "fields": {"action_time": "2020-01-18T02:14:27.489Z", "user": 3, "content_type": 38, "object_id": "3", "object_repr": "Das graue Auge", "action_flag": 1, "change_message": "[{\"added\": {}}]"}}, {"model": "admin.logentry", "pk": 56, "fields": {"action_time": "2020-01-18T02:14:41.006Z", "user": 3, "content_type": 41, "object_id": "3", "object_repr": "Der braune Drache", "action_flag": 2, "change_message": "[{\"changed\": {\"fields\": [\"game\"]}}]"}}, {"model": "admin.logentry", "pk": 57, "fields": {"action_time": "2020-01-18T02:15:41.513Z", "user": 3, "content_type": 39, "object_id": "12", "object_repr": "Feuerball [Klassische Magie]", "action_flag": 1, "change_message": "[{\"added\": {}}]"}}, {"model": "admin.logentry", "pk": 58, "fields": {"action_time": "2020-01-18T02:16:04.316Z", "user": 3, "content_type": 36, "object_id": "6", "object_repr": "Willenskraft [Klassische Magie]", "action_flag": 1, "change_message": "[{\"added\": {}}]"}}, {"model": "admin.logentry", "pk": 59, "fields": {"action_time": "2020-01-18T02:16:18.483Z", "user": 3, "content_type": 36, "object_id": "7", "object_repr": "Mana [Klassische Magie]", "action_flag": 1, "change_message": "[{\"added\": {}}]"}}, {"model": "admin.logentry", "pk": 60, "fields": {"action_time": "2020-01-28T22:51:09.325Z", "user": 3, "content_type": 34, "object_id": "1", "object_repr": "Dummy", "action_flag": 1, "change_message": "[{\"added\": {}}]"}}, {"model": "admin.logentry", "pk": 61, "fields": {"action_time": "2020-01-28T23:10:09.837Z", "user": 3, "content_type": 35, "object_id": "1", "object_repr": "Dummy: Kraft +4", "action_flag": 1, "change_message": "[{\"added\": {}}]"}}, {"model": "admin.logentry", "pk": 62, "fields": {"action_time": "2020-01-28T23:10:16.801Z", "user": 3, "content_type": 35, "object_id": "2", "object_repr": "Dummy: Intelligenz +4", "action_flag": 1, "change_message": "[{\"added\": {}}]"}}, {"model": "admin.logentry", "pk": 63, "fields": {"action_time": "2020-01-28T23:10:23.057Z", "user": 3, "content_type": 35, "object_id": "3", "object_repr": "Dummy: Geschick +4", "action_flag": 1, "change_message": "[{\"added\": {}}]"}}, {"model": "admin.logentry", "pk": 64, "fields": {"action_time": "2020-01-28T23:10:29.365Z", "user": 3, "content_type": 35, "object_id": "4", "object_repr": "Dummy: Geschwindigkeit +4", "action_flag": 1, "change_message": "[{\"added\": {}}]"}}, {"model": "admin.logentry", "pk": 65, "fields": {"action_time": "2020-01-28T23:18:37.205Z", "user": 3, "content_type": 35, "object_id": "1", "object_repr": "Dummy: Kraft +3", "action_flag": 2, "change_message": "[{\"changed\": {\"fields\": [\"value\"]}}]"}}, {"model": "admin.logentry", "pk": 66, "fields": {"action_time": "2020-01-29T10:23:11.347Z", "user": 3, "content_type": 34, "object_id": "3", "object_repr": "NEU", "action_flag": 3, "change_message": ""}}, {"model": "admin.logentry", "pk": 67, "fields": {"action_time": "2020-01-29T10:23:11.349Z", "user": 3, "content_type": 34, "object_id": "2", "object_repr": "NEU", "action_flag": 3, "change_message": ""}}, {"model": "admin.logentry", "pk": 68, "fields": {"action_time": "2020-01-29T10:27:33.374Z", "user": 3, "content_type": 34, "object_id": "8", "object_repr": "NEU", "action_flag": 3, "change_message": ""}}, {"model": "admin.logentry", "pk": 69, "fields": {"action_time": "2020-01-29T10:27:33.375Z", "user": 3, "content_type": 34, "object_id": "7", "object_repr": "NEU", "action_flag": 3, "change_message": ""}}, {"model": "admin.logentry", "pk": 70, "fields": {"action_time": "2020-01-29T10:27:33.376Z", "user": 3, "content_type": 34, "object_id": "6", "object_repr": "NEU", "action_flag": 3, "change_message": ""}}, {"model": "admin.logentry", "pk": 71, "fields": {"action_time": "2020-01-29T10:27:33.377Z", "user": 3, "content_type": 34, "object_id": "5", "object_repr": "NEU", "action_flag": 3, "change_message": ""}}, {"model": "admin.logentry", "pk": 72, "fields": {"action_time": "2020-01-29T10:27:33.377Z", "user": 3, "content_type": 34, "object_id": "4", "object_repr": "NEU", "action_flag": 3, "change_message": ""}}, {"model": "admin.logentry", "pk": 73, "fields": {"action_time": "2020-01-29T14:31:03.358Z", "user": 3, "content_type": 34, "object_id": "27", "object_repr": "peter", "action_flag": 3, "change_message": ""}}, {"model": "admin.logentry", "pk": 74, "fields": {"action_time": "2020-01-29T14:31:03.359Z", "user": 3, "content_type": 34, "object_id": "26", "object_repr": "peter", "action_flag": 3, "change_message": ""}}, {"model": "admin.logentry", "pk": 75, "fields": {"action_time": "2020-01-29T14:31:03.359Z", "user": 3, "content_type": 34, "object_id": "25", "object_repr": "peter", "action_flag": 3, "change_message": ""}}, {"model": "admin.logentry", "pk": 76, "fields": {"action_time": "2020-01-29T14:31:03.360Z", "user": 3, "content_type": 34, "object_id": "24", "object_repr": "peter", "action_flag": 3, "change_message": ""}}, {"model": "admin.logentry", "pk": 77, "fields": {"action_time": "2020-01-29T14:31:03.361Z", "user": 3, "content_type": 34, "object_id": "23", "object_repr": "Basti", "action_flag": 3, "change_message": ""}}, {"model": "admin.logentry", "pk": 78, "fields": {"action_time": "2020-01-29T14:31:03.380Z", "user": 3, "content_type": 34, "object_id": "22", "object_repr": "NEU", "action_flag": 3, "change_message": ""}}, {"model": "admin.logentry", "pk": 79, "fields": {"action_time": "2020-01-29T14:31:03.382Z", "user": 3, "content_type": 34, "object_id": "21", "object_repr": "NEU", "action_flag": 3, "change_message": ""}}, {"model": "admin.logentry", "pk": 80, "fields": {"action_time": "2020-01-29T14:31:03.383Z", "user": 3, "content_type": 34, "object_id": "20", "object_repr": "NEU", "action_flag": 3, "change_message": ""}}, {"model": "admin.logentry", "pk": 81, "fields": {"action_time": "2020-01-29T14:31:03.384Z", "user": 3, "content_type": 34, "object_id": "19", "object_repr": "NEU", "action_flag": 3, "change_message": ""}}, {"model": "admin.logentry", "pk": 82, "fields": {"action_time": "2020-01-29T14:31:03.385Z", "user": 3, "content_type": 34, "object_id": "17", "object_repr": "Dulli", "action_flag": 3, "change_message": ""}}, {"model": "admin.logentry", "pk": 83, "fields": {"action_time": "2020-01-29T14:31:03.386Z", "user": 3, "content_type": 34, "object_id": "16", "object_repr": "NEU", "action_flag": 3, "change_message": ""}}, {"model": "admin.logentry", "pk": 84, "fields": {"action_time": "2020-01-29T14:31:03.389Z", "user": 3, "content_type": 34, "object_id": "15", "object_repr": "Dieter", "action_flag": 3, "change_message": ""}}, {"model": "admin.logentry", "pk": 85, "fields": {"action_time": "2020-01-29T14:31:03.410Z", "user": 3, "content_type": 34, "object_id": "14", "object_repr": "NEU", "action_flag": 3, "change_message": ""}}, {"model": "admin.logentry", "pk": 86, "fields": {"action_time": "2020-01-29T14:31:03.412Z", "user": 3, "content_type": 34, "object_id": "13", "object_repr": "NEU", "action_flag": 3, "change_message": ""}}, {"model": "admin.logentry", "pk": 87, "fields": {"action_time": "2020-01-29T14:31:03.413Z", "user": 3, "content_type": 34, "object_id": "12", "object_repr": "peter", "action_flag": 3, "change_message": ""}}, {"model": "admin.logentry", "pk": 88, "fields": {"action_time": "2020-01-29T14:31:03.414Z", "user": 3, "content_type": 34, "object_id": "11", "object_repr": "peter", "action_flag": 3, "change_message": ""}}, {"model": "admin.logentry", "pk": 89, "fields": {"action_time": "2020-01-29T14:31:03.415Z", "user": 3, "content_type": 34, "object_id": "10", "object_repr": "peter", "action_flag": 3, "change_message": ""}}, {"model": "admin.logentry", "pk": 90, "fields": {"action_time": "2020-01-29T14:31:03.416Z", "user": 3, "content_type": 34, "object_id": "9", "object_repr": "NEU", "action_flag": 3, "change_message": ""}}, {"model": "admin.logentry", "pk": 91, "fields": {"action_time": "2020-01-29T15:11:23.545Z", "user": 3, "content_type": 36, "object_id": "1", "object_repr": "Kraft [Basis]", "action_flag": 2, "change_message": "[{\"changed\": {\"fields\": [\"emoji\"]}}]"}}, {"model": "admin.logentry", "pk": 92, "fields": {"action_time": "2020-01-29T15:14:43.483Z", "user": 3, "content_type": 36, "object_id": "8", "object_repr": "Lebenskraft [Basis]", "action_flag": 1, "change_message": "[{\"added\": {}}]"}}, {"model": "admin.logentry", "pk": 93, "fields": {"action_time": "2020-01-29T15:16:18.712Z", "user": 3, "content_type": 36, "object_id": "7", "object_repr": "Mana [Klassische Magie]", "action_flag": 2, "change_message": "[{\"changed\": {\"fields\": [\"text\", \"emoji\"]}}]"}}, {"model": "admin.logentry", "pk": 94, "fields": {"action_time": "2020-01-29T15:17:30.128Z", "user": 3, "content_type": 36, "object_id": "2", "object_repr": "Intelligenz [Basis]", "action_flag": 2, "change_message": "[{\"changed\": {\"fields\": [\"text\", \"emoji\"]}}]"}}, {"model": "admin.logentry", "pk": 95, "fields": {"action_time": "2020-01-29T15:18:22.204Z", "user": 3, "content_type": 36, "object_id": "5", "object_repr": "W\u00e4rme [Winterspa\u00df]", "action_flag": 2, "change_message": "[{\"changed\": {\"fields\": [\"emoji\"]}}]"}}, {"model": "admin.logentry", "pk": 96, "fields": {"action_time": "2020-01-29T15:21:28.606Z", "user": 3, "content_type": 36, "object_id": "6", "object_repr": "Willenskraft [Klassische Magie]", "action_flag": 2, "change_message": "[{\"changed\": {\"fields\": [\"emoji\"]}}]"}}, {"model": "admin.logentry", "pk": 97, "fields": {"action_time": "2020-01-29T15:22:11.164Z", "user": 3, "content_type": 36, "object_id": "3", "object_repr": "Geschick [Basis]", "action_flag": 2, "change_message": "[{\"changed\": {\"fields\": [\"emoji\"]}}]"}}, {"model": "admin.logentry", "pk": 98, "fields": {"action_time": "2020-01-29T15:22:28.809Z", "user": 3, "content_type": 36, "object_id": "4", "object_repr": "Geschwindigkeit [Basis]", "action_flag": 2, "change_message": "[{\"changed\": {\"fields\": [\"emoji\"]}}]"}}, {"model": "admin.logentry", "pk": 99, "fields": {"action_time": "2020-01-30T01:09:23.249Z", "user": 3, "content_type": 38, "object_id": "2", "object_repr": "Schneespiele", "action_flag": 2, "change_message": "[{\"changed\": {\"fields\": [\"skill_points\"]}}]"}}, {"model": "admin.logentry", "pk": 100, "fields": {"action_time": "2020-01-30T21:24:42.473Z", "user": 3, "content_type": 34, "object_id": "63", "object_repr": "peter", "action_flag": 3, "change_message": ""}}, {"model": "admin.logentry", "pk": 101, "fields": {"action_time": "2020-01-30T21:24:42.475Z", "user": 3, "content_type": 34, "object_id": "62", "object_repr": "Snowden", "action_flag": 3, "change_message": ""}}, {"model": "admin.logentry", "pk": 102, "fields": {"action_time": "2020-01-30T21:24:42.476Z", "user": 3, "content_type": 34, "object_id": "61", "object_repr": "Snowden", "action_flag": 3, "change_message": ""}}, {"model": "admin.logentry", "pk": 103, "fields": {"action_time": "2020-01-30T21:24:42.477Z", "user": 3, "content_type": 34, "object_id": "60", "object_repr": "peter", "action_flag": 3, "change_message": ""}}, {"model": "admin.logentry", "pk": 104, "fields": {"action_time": "2020-01-30T21:24:42.478Z", "user": 3, "content_type": 34, "object_id": "59", "object_repr": "peter", "action_flag": 3, "change_message": ""}}, {"model": "admin.logentry", "pk": 105, "fields": {"action_time": "2020-01-30T21:24:42.479Z", "user": 3, "content_type": 34, "object_id": "58", "object_repr": "peter", "action_flag": 3, "change_message": ""}}, {"model": "admin.logentry", "pk": 106, "fields": {"action_time": "2020-01-30T21:24:42.480Z", "user": 3, "content_type": 34, "object_id": "57", "object_repr": "peter", "action_flag": 3, "change_message": ""}}, {"model": "admin.logentry", "pk": 107, "fields": {"action_time": "2020-01-30T21:24:42.484Z", "user": 3, "content_type": 34, "object_id": "56", "object_repr": "Hallo wurst", "action_flag": 3, "change_message": ""}}, {"model": "admin.logentry", "pk": 108, "fields": {"action_time": "2020-01-30T21:24:42.486Z", "user": 3, "content_type": 34, "object_id": "55", "object_repr": "peter", "action_flag": 3, "change_message": ""}}, {"model": "admin.logentry", "pk": 109, "fields": {"action_time": "2020-01-30T21:24:42.486Z", "user": 3, "content_type": 34, "object_id": "54", "object_repr": "peter", "action_flag": 3, "change_message": ""}}, {"model": "admin.logentry", "pk": 110, "fields": {"action_time": "2020-01-30T21:24:42.487Z", "user": 3, "content_type": 34, "object_id": "53", "object_repr": "peter", "action_flag": 3, "change_message": ""}}, {"model": "admin.logentry", "pk": 111, "fields": {"action_time": "2020-01-30T21:24:42.488Z", "user": 3, "content_type": 34, "object_id": "52", "object_repr": "peter", "action_flag": 3, "change_message": ""}}, {"model": "admin.logentry", "pk": 112, "fields": {"action_time": "2020-01-30T21:24:42.488Z", "user": 3, "content_type": 34, "object_id": "51", "object_repr": "peter", "action_flag": 3, "change_message": ""}}, {"model": "admin.logentry", "pk": 113, "fields": {"action_time": "2020-01-30T21:24:42.489Z", "user": 3, "content_type": 34, "object_id": "50", "object_repr": "peter", "action_flag": 3, "change_message": ""}}, {"model": "admin.logentry", "pk": 114, "fields": {"action_time": "2020-01-30T21:24:42.490Z", "user": 3, "content_type": 34, "object_id": "49", "object_repr": "peter", "action_flag": 3, "change_message": ""}}, {"model": "admin.logentry", "pk": 115, "fields": {"action_time": "2020-01-30T21:24:42.490Z", "user": 3, "content_type": 34, "object_id": "48", "object_repr": "peter", "action_flag": 3, "change_message": ""}}, {"model": "admin.logentry", "pk": 116, "fields": {"action_time": "2020-01-30T21:24:42.491Z", "user": 3, "content_type": 34, "object_id": "47", "object_repr": "peter", "action_flag": 3, "change_message": ""}}, {"model": "admin.logentry", "pk": 117, "fields": {"action_time": "2020-01-30T21:24:42.491Z", "user": 3, "content_type": 34, "object_id": "46", "object_repr": "peter", "action_flag": 3, "change_message": ""}}, {"model": "admin.logentry", "pk": 118, "fields": {"action_time": "2020-01-30T21:24:42.492Z", "user": 3, "content_type": 34, "object_id": "45", "object_repr": "peter", "action_flag": 3, "change_message": ""}}, {"model": "admin.logentry", "pk": 119, "fields": {"action_time": "2020-01-30T21:24:42.493Z", "user": 3, "content_type": 34, "object_id": "44", "object_repr": "peter", "action_flag": 3, "change_message": ""}}, {"model": "admin.logentry", "pk": 120, "fields": {"action_time": "2020-01-30T21:24:42.493Z", "user": 3, "content_type": 34, "object_id": "43", "object_repr": "peter", "action_flag": 3, "change_message": ""}}, {"model": "admin.logentry", "pk": 121, "fields": {"action_time": "2020-01-30T21:24:42.494Z", "user": 3, "content_type": 34, "object_id": "42", "object_repr": "Eigen", "action_flag": 3, "change_message": ""}}, {"model": "admin.logentry", "pk": 122, "fields": {"action_time": "2020-01-30T21:24:42.494Z", "user": 3, "content_type": 34, "object_id": "41", "object_repr": "peter", "action_flag": 3, "change_message": ""}}, {"model": "admin.logentry", "pk": 123, "fields": {"action_time": "2020-01-30T21:24:42.495Z", "user": 3, "content_type": 34, "object_id": "40", "object_repr": "peter", "action_flag": 3, "change_message": ""}}, {"model": "admin.logentry", "pk": 124, "fields": {"action_time": "2020-01-30T21:24:42.495Z", "user": 3, "content_type": 34, "object_id": "39", "object_repr": "peter", "action_flag": 3, "change_message": ""}}, {"model": "admin.logentry", "pk": 125, "fields": {"action_time": "2020-01-30T21:24:42.496Z", "user": 3, "content_type": 34, "object_id": "38", "object_repr": "peter", "action_flag": 3, "change_message": ""}}, {"model": "admin.logentry", "pk": 126, "fields": {"action_time": "2020-01-30T21:24:42.497Z", "user": 3, "content_type": 34, "object_id": "37", "object_repr": "peter", "action_flag": 3, "change_message": ""}}, {"model": "admin.logentry", "pk": 127, "fields": {"action_time": "2020-01-30T21:24:42.497Z", "user": 3, "content_type": 34, "object_id": "36", "object_repr": "peter", "action_flag": 3, "change_message": ""}}, {"model": "admin.logentry", "pk": 128, "fields": {"action_time": "2020-01-30T21:24:42.499Z", "user": 3, "content_type": 34, "object_id": "35", "object_repr": "peter", "action_flag": 3, "change_message": ""}}, {"model": "admin.logentry", "pk": 129, "fields": {"action_time": "2020-01-30T21:24:42.499Z", "user": 3, "content_type": 34, "object_id": "34", "object_repr": "peter", "action_flag": 3, "change_message": ""}}, {"model": "admin.logentry", "pk": 130, "fields": {"action_time": "2020-01-30T21:24:42.500Z", "user": 3, "content_type": 34, "object_id": "33", "object_repr": "Juss", "action_flag": 3, "change_message": ""}}, {"model": "admin.logentry", "pk": 131, "fields": {"action_time": "2020-01-30T21:24:42.501Z", "user": 3, "content_type": 34, "object_id": "32", "object_repr": "Gerit", "action_flag": 3, "change_message": ""}}, {"model": "admin.logentry", "pk": 132, "fields": {"action_time": "2020-01-30T21:24:42.501Z", "user": 3, "content_type": 34, "object_id": "31", "object_repr": "Jens", "action_flag": 3, "change_message": ""}}, {"model": "admin.logentry", "pk": 133, "fields": {"action_time": "2020-01-30T21:24:42.502Z", "user": 3, "content_type": 34, "object_id": "30", "object_repr": "peter", "action_flag": 3, "change_message": ""}}, {"model": "admin.logentry", "pk": 134, "fields": {"action_time": "2020-01-30T21:24:42.504Z", "user": 3, "content_type": 34, "object_id": "29", "object_repr": "Simon", "action_flag": 3, "change_message": ""}}, {"model": "admin.logentry", "pk": 135, "fields": {"action_time": "2020-01-30T21:24:42.504Z", "user": 3, "content_type": 34, "object_id": "28", "object_repr": "peter", "action_flag": 3, "change_message": ""}}, {"model": "admin.logentry", "pk": 136, "fields": {"action_time": "2020-01-30T21:24:42.505Z", "user": 3, "content_type": 34, "object_id": "18", "object_repr": "Otto and I", "action_flag": 3, "change_message": ""}}, {"model": "admin.logentry", "pk": 137, "fields": {"action_time": "2020-01-30T21:24:42.506Z", "user": 3, "content_type": 34, "object_id": "1", "object_repr": "Dummy", "action_flag": 3, "change_message": ""}}, {"model": "admin.logentry", "pk": 138, "fields": {"action_time": "2020-01-30T21:25:16.034Z", "user": 3, "content_type": 33, "object_id": "2", "object_repr": "Winterspass", "action_flag": 2, "change_message": "[{\"changed\": {\"fields\": [\"name\"]}}]"}}, {"model": "admin.logentry", "pk": 139, "fields": {"action_time": "2020-01-30T21:25:34.382Z", "user": 3, "content_type": 33, "object_id": "4", "object_repr": "Medival", "action_flag": 2, "change_message": "[{\"changed\": {\"fields\": [\"name\"]}}]"}}, {"model": "admin.logentry", "pk": 140, "fields": {"action_time": "2020-01-30T21:26:07.090Z", "user": 3, "content_type": 39, "object_id": "12", "object_repr": "Feuerball [Klassische Magie]", "action_flag": 3, "change_message": ""}}, {"model": "admin.logentry", "pk": 141, "fields": {"action_time": "2020-01-30T21:26:07.092Z", "user": 3, "content_type": 39, "object_id": "11", "object_repr": "Schlitten fahren [Winterspass]", "action_flag": 3, "change_message": ""}}, {"model": "admin.logentry", "pk": 142, "fields": {"action_time": "2020-01-30T21:26:07.094Z", "user": 3, "content_type": 39, "object_id": "10", "object_repr": "Gl\u00fchwein trinken [Winterspass]", "action_flag": 3, "change_message": ""}}, {"model": "admin.logentry", "pk": 143, "fields": {"action_time": "2020-01-30T21:26:07.095Z", "user": 3, "content_type": 39, "object_id": "9", "object_repr": "Tee trinken [Winterspass]", "action_flag": 3, "change_message": ""}}, {"model": "admin.logentry", "pk": 144, "fields": {"action_time": "2020-01-30T21:26:07.098Z", "user": 3, "content_type": 39, "object_id": "8", "object_repr": "Iglu bauen [Winterspass]", "action_flag": 3, "change_message": ""}}, {"model": "admin.logentry", "pk": 145, "fields": {"action_time": "2020-01-30T21:26:07.099Z", "user": 3, "content_type": 39, "object_id": "7", "object_repr": "Schneeman bauen [Winterspass]", "action_flag": 3, "change_message": ""}}, {"model": "admin.logentry", "pk": 146, "fields": {"action_time": "2020-01-30T21:26:07.101Z", "user": 3, "content_type": 39, "object_id": "6", "object_repr": "Einseifen [Winterspass]", "action_flag": 3, "change_message": ""}}, {"model": "admin.logentry", "pk": 147, "fields": {"action_time": "2020-01-30T21:26:07.102Z", "user": 3, "content_type": 39, "object_id": "5", "object_repr": "Schneeball werfen [Winterspass]", "action_flag": 3, "change_message": ""}}, {"model": "admin.logentry", "pk": 148, "fields": {"action_time": "2020-01-30T21:26:07.104Z", "user": 3, "content_type": 39, "object_id": "4", "object_repr": "Schlittern [Winterspass]", "action_flag": 3, "change_message": ""}}, {"model": "admin.logentry", "pk": 149, "fields": {"action_time": "2020-01-30T21:26:07.106Z", "user": 3, "content_type": 39, "object_id": "3", "object_repr": "Klettern [Basis]", "action_flag": 3, "change_message": ""}}, {"model": "admin.logentry", "pk": 150, "fields": {"action_time": "2020-01-30T21:26:07.107Z", "user": 3, "content_type": 39, "object_id": "2", "object_repr": "Diskutieren [Basis]", "action_flag": 3, "change_message": ""}}, {"model": "admin.logentry", "pk": 151, "fields": {"action_time": "2020-01-30T21:26:07.109Z", "user": 3, "content_type": 39, "object_id": "1", "object_repr": "Angriff [Basis]", "action_flag": 3, "change_message": ""}}, {"model": "admin.logentry", "pk": 152, "fields": {"action_time": "2020-01-30T21:27:04.892Z", "user": 3, "content_type": 38, "object_id": "3", "object_repr": "Das graue Auge", "action_flag": 3, "change_message": ""}}, {"model": "admin.logentry", "pk": 153, "fields": {"action_time": "2020-01-30T21:27:04.893Z", "user": 3, "content_type": 38, "object_id": "2", "object_repr": "Schneespiele", "action_flag": 3, "change_message": ""}}, {"model": "admin.logentry", "pk": 154, "fields": {"action_time": "2020-01-30T21:27:04.906Z", "user": 3, "content_type": 38, "object_id": "1", "object_repr": "Basis", "action_flag": 3, "change_message": ""}}, {"model": "admin.logentry", "pk": 155, "fields": {"action_time": "2020-01-30T21:29:23.105Z", "user": 3, "content_type": 36, "object_id": "8", "object_repr": "Lebenspunkte []", "action_flag": 2, "change_message": "[{\"changed\": {\"fields\": [\"abbr\", \"name\", \"addons\"]}}]"}}, {"model": "admin.logentry", "pk": 156, "fields": {"action_time": "2020-01-30T21:29:35.313Z", "user": 3, "content_type": 36, "object_id": "7", "object_repr": "Mana [Klassische Magie]", "action_flag": 2, "change_message": "[]"}}, {"model": "admin.logentry", "pk": 157, "fields": {"action_time": "2020-01-30T21:43:26.527Z", "user": 3, "content_type": 33, "object_id": "5", "object_repr": "Fantastia", "action_flag": 2, "change_message": "[{\"changed\": {\"fields\": [\"name\", \"skill_points\", \"owner\"]}}]"}}, {"model": "admin.logentry", "pk": 158, "fields": {"action_time": "2020-01-30T21:49:17.535Z", "user": 3, "content_type": 36, "object_id": "8", "object_repr": "Lebenspunkte []", "action_flag": 2, "change_message": "[{\"changed\": {\"fields\": [\"addon\"]}}]"}}, {"model": "admin.logentry", "pk": 159, "fields": {"action_time": "2020-01-30T21:49:34.357Z", "user": 3, "content_type": 36, "object_id": "7", "object_repr": "Mana []", "action_flag": 2, "change_message": "[{\"changed\": {\"fields\": [\"addon\"]}}]"}}, {"model": "admin.logentry", "pk": 160, "fields": {"action_time": "2020-01-30T21:49:45.299Z", "user": 3, "content_type": 36, "object_id": "6", "object_repr": "Willenskraft []", "action_flag": 2, "change_message": "[{\"changed\": {\"fields\": [\"addon\"]}}]"}}, {"model": "admin.logentry", "pk": 161, "fields": {"action_time": "2020-01-30T21:49:51.918Z", "user": 3, "content_type": 36, "object_id": "5", "object_repr": "W\u00e4rme []", "action_flag": 2, "change_message": "[{\"changed\": {\"fields\": [\"addon\"]}}]"}}, {"model": "admin.logentry", "pk": 162, "fields": {"action_time": "2020-01-30T21:50:03.135Z", "user": 3, "content_type": 36, "object_id": "4", "object_repr": "Geschwindigkeit []", "action_flag": 2, "change_message": "[{\"changed\": {\"fields\": [\"addon\"]}}]"}}, {"model": "admin.logentry", "pk": 163, "fields": {"action_time": "2020-01-30T21:50:13.207Z", "user": 3, "content_type": 36, "object_id": "3", "object_repr": "Geschick []", "action_flag": 2, "change_message": "[{\"changed\": {\"fields\": [\"addon\"]}}]"}}, {"model": "admin.logentry", "pk": 164, "fields": {"action_time": "2020-01-30T21:50:18.781Z", "user": 3, "content_type": 36, "object_id": "2", "object_repr": "Intelligenz []", "action_flag": 2, "change_message": "[{\"changed\": {\"fields\": [\"addon\"]}}]"}}, {"model": "admin.logentry", "pk": 165, "fields": {"action_time": "2020-01-30T21:50:27.198Z", "user": 3, "content_type": 36, "object_id": "1", "object_repr": "Kraft []", "action_flag": 2, "change_message": "[{\"changed\": {\"fields\": [\"addon\"]}}]"}}, {"model": "admin.logentry", "pk": 166, "fields": {"action_time": "2020-01-30T22:10:34.272Z", "user": 3, "content_type": 34, "object_id": "64", "object_repr": "Hans", "action_flag": 1, "change_message": "[{\"added\": {}}]"}}, {"model": "admin.logentry", "pk": 167, "fields": {"action_time": "2020-01-30T22:21:06.669Z", "user": 3, "content_type": 34, "object_id": "64", "object_repr": "Hans", "action_flag": 2, "change_message": "[{\"added\": {\"name\": \"Charakterwert\", \"object\": \"Hans: Geschick +4\"}}, {\"added\": {\"name\": \"Charakterwert\", \"object\": \"Hans: Intelligenz +4\"}}]"}}, {"model": "admin.logentry", "pk": 168, "fields": {"action_time": "2020-01-30T22:41:35.782Z", "user": 3, "content_type": 34, "object_id": "64", "object_repr": "Hans", "action_flag": 2, "change_message": "[{\"added\": {\"name\": \"Charakterwert\", \"object\": \"Hans: Geschwindigkeit +4\"}}]"}}, {"model": "admin.logentry", "pk": 169, "fields": {"action_time": "2020-01-30T22:42:10.146Z", "user": 3, "content_type": 35, "object_id": "244", "object_repr": "Hans: Kraft +4", "action_flag": 1, "change_message": "[{\"added\": {}}]"}}, {"model": "admin.logentry", "pk": 170, "fields": {"action_time": "2020-01-30T23:34:36.348Z", "user": 3, "content_type": 33, "object_id": "5", "object_repr": "Fantastia", "action_flag": 2, "change_message": "[{\"added\": {\"name\": \"Aktion\", \"object\": \"Illusion Erwecken [Fantastia]\"}}]"}}, {"model": "admin.logentry", "pk": 171, "fields": {"action_time": "2020-01-30T23:45:48.479Z", "user": 3, "content_type": 33, "object_id": "4", "object_repr": "Medival", "action_flag": 2, "change_message": "[{\"changed\": {\"fields\": [\"text\", \"skill_points\", \"owner\"]}}, {\"added\": {\"name\": \"Wert\", \"object\": \"Glaube [Medival]\"}}, {\"added\": {\"name\": \"Wert\", \"object\": \"Kraft [Medival]\"}}, {\"added\": {\"name\": \"Wert\", \"object\": \"Lebenspunkte [Medival]\"}}, {\"added\": {\"name\": \"Wert\", \"object\": \"Geschick [Medival]\"}}, {\"added\": {\"name\": \"Wert\", \"object\": \"Intelligenz [Medival]\"}}, {\"added\": {\"name\": \"Wert\", \"object\": \"Ausdauer [Medival]\"}}]"}}, {"model": "admin.logentry", "pk": 172, "fields": {"action_time": "2020-01-30T23:46:27.711Z", "user": 3, "content_type": 33, "object_id": "4", "object_repr": "Medival", "action_flag": 2, "change_message": "[{\"added\": {\"name\": \"Aktion\", \"object\": \"Bogenschiessen [Medival]\"}}]"}}, {"model": "admin.logentry", "pk": 173, "fields": {"action_time": "2020-01-30T23:48:47.110Z", "user": 3, "content_type": 33, "object_id": "4", "object_repr": "Medival", "action_flag": 2, "change_message": "[{\"added\": {\"name\": \"Wert\", \"object\": \"Charisma [Medival]\"}}, {\"added\": {\"name\": \"Aktion\", \"object\": \"Angriff [Medival]\"}}, {\"added\": {\"name\": \"Aktion\", \"object\": \"Diskussion [Medival]\"}}]"}}, {"model": "admin.logentry", "pk": 174, "fields": {"action_time": "2020-01-30T23:50:45.919Z", "user": 3, "content_type": 33, "object_id": "4", "object_repr": "Medival", "action_flag": 2, "change_message": "[{\"added\": {\"name\": \"Aktion\", \"object\": \"Akkrobatik [Medival]\"}}, {\"added\": {\"name\": \"Aktion\", \"object\": \"Lesen/Schreiben [Medival]\"}}, {\"added\": {\"name\": \"Aktion\", \"object\": \"Kochen [Medival]\"}}, {\"changed\": {\"name\": \"Aktion\", \"object\": \"Angreifen [Medival]\", \"fields\": [\"name\"]}}, {\"changed\": {\"name\": \"Aktion\", \"object\": \"Diskutieren [Medival]\", \"fields\": [\"name\", \"stats\"]}}]"}}, {"model": "admin.logentry", "pk": 175, "fields": {"action_time": "2020-01-30T23:51:16.166Z", "user": 3, "content_type": 33, "object_id": "4", "object_repr": "Medival", "action_flag": 2, "change_message": "[{\"changed\": {\"name\": \"Aktion\", \"object\": \"Akkrobatik [Medival]\", \"fields\": [\"special\"]}}, {\"changed\": {\"name\": \"Aktion\", \"object\": \"Lesen/Schreiben [Medival]\", \"fields\": [\"special\"]}}]"}}, {"model": "admin.logentry", "pk": 176, "fields": {"action_time": "2020-02-01T08:15:23.817Z", "user": 3, "content_type": 41, "object_id": "4", "object_repr": "Das rot-blau gestreifte Auge", "action_flag": 1, "change_message": "[{\"added\": {}}]"}}, {"model": "admin.logentry", "pk": 177, "fields": {"action_time": "2020-02-02T16:26:02.572Z", "user": 3, "content_type": 33, "object_id": "6", "object_repr": "Steam Punk", "action_flag": 1, "change_message": "[{\"added\": {}}, {\"added\": {\"name\": \"Wert\", \"object\": \"Intelligenz [Steam Punk]\"}}, {\"added\": {\"name\": \"Wert\", \"object\": \"Gedaechnis [Steam Punk]\"}}, {\"added\": {\"name\": \"Wert\", \"object\": \"Wissen [Steam Punk]\"}}, {\"added\": {\"name\": \"Aktion\", \"object\": \"Hacken [Steam Punk]\"}}]"}}, {"model": "admin.logentry", "pk": 178, "fields": {"action_time": "2020-02-02T16:26:23.962Z", "user": 3, "content_type": 33, "object_id": "6", "object_repr": "Steam Punk", "action_flag": 2, "change_message": "[{\"changed\": {\"name\": \"Aktion\", \"object\": \"Hacken [Steam Punk]\", \"fields\": [\"stats\"]}}]"}}, {"model": "admin.logentry", "pk": 179, "fields": {"action_time": "2020-02-02T16:32:26.164Z", "user": 3, "content_type": 34, "object_id": "82", "object_repr": "peter", "action_flag": 3, "change_message": ""}}, {"model": "admin.logentry", "pk": 180, "fields": {"action_time": "2020-02-02T16:32:26.165Z", "user": 3, "content_type": 34, "object_id": "81", "object_repr": "peter", "action_flag": 3, "change_message": ""}}, {"model": "admin.logentry", "pk": 181, "fields": {"action_time": "2020-02-02T16:32:26.166Z", "user": 3, "content_type": 34, "object_id": "80", "object_repr": "peter", "action_flag": 3, "change_message": ""}}, {"model": "admin.logentry", "pk": 182, "fields": {"action_time": "2020-02-02T16:32:26.166Z", "user": 3, "content_type": 34, "object_id": "79", "object_repr": "peter", "action_flag": 3, "change_message": ""}}, {"model": "admin.logentry", "pk": 183, "fields": {"action_time": "2020-02-02T16:32:26.167Z", "user": 3, "content_type": 34, "object_id": "78", "object_repr": "peter", "action_flag": 3, "change_message": ""}}, {"model": "admin.logentry", "pk": 184, "fields": {"action_time": "2020-02-02T16:32:26.167Z", "user": 3, "content_type": 34, "object_id": "77", "object_repr": "peter", "action_flag": 3, "change_message": ""}}, {"model": "admin.logentry", "pk": 185, "fields": {"action_time": "2020-02-02T16:32:26.168Z", "user": 3, "content_type": 34, "object_id": "76", "object_repr": "NEU", "action_flag": 3, "change_message": ""}}, {"model": "admin.logentry", "pk": 186, "fields": {"action_time": "2020-02-02T16:32:26.169Z", "user": 3, "content_type": 34, "object_id": "75", "object_repr": "peter", "action_flag": 3, "change_message": ""}}, {"model": "admin.logentry", "pk": 187, "fields": {"action_time": "2020-02-02T16:32:26.169Z", "user": 3, "content_type": 34, "object_id": "74", "object_repr": "peter", "action_flag": 3, "change_message": ""}}, {"model": "admin.logentry", "pk": 188, "fields": {"action_time": "2020-02-02T16:32:26.170Z", "user": 3, "content_type": 34, "object_id": "73", "object_repr": "peter", "action_flag": 3, "change_message": ""}}, {"model": "admin.logentry", "pk": 189, "fields": {"action_time": "2020-02-02T16:32:26.170Z", "user": 3, "content_type": 34, "object_id": "72", "object_repr": "peter", "action_flag": 3, "change_message": ""}}, {"model": "admin.logentry", "pk": 190, "fields": {"action_time": "2020-02-02T16:32:26.171Z", "user": 3, "content_type": 34, "object_id": "71", "object_repr": "peter", "action_flag": 3, "change_message": ""}}, {"model": "admin.logentry", "pk": 191, "fields": {"action_time": "2020-02-02T16:32:26.171Z", "user": 3, "content_type": 34, "object_id": "70", "object_repr": "peter", "action_flag": 3, "change_message": ""}}, {"model": "admin.logentry", "pk": 192, "fields": {"action_time": "2020-02-02T16:32:26.172Z", "user": 3, "content_type": 34, "object_id": "69", "object_repr": "peter", "action_flag": 3, "change_message": ""}}, {"model": "admin.logentry", "pk": 193, "fields": {"action_time": "2020-02-02T16:32:26.173Z", "user": 3, "content_type": 34, "object_id": "68", "object_repr": "peter", "action_flag": 3, "change_message": ""}}, {"model": "admin.logentry", "pk": 194, "fields": {"action_time": "2020-02-02T16:32:26.173Z", "user": 3, "content_type": 34, "object_id": "66", "object_repr": "NEU", "action_flag": 3, "change_message": ""}}, {"model": "admin.logentry", "pk": 195, "fields": {"action_time": "2020-02-02T16:32:26.185Z", "user": 3, "content_type": 34, "object_id": "65", "object_repr": "NEU", "action_flag": 3, "change_message": ""}}]